timestamp,operator_name,device_count,effective_device_count,avg_battery,p10_battery,median_battery,low_battery_count,zone_count
2026-06-12T06:11:12+0900,ALPACA,1368,1368,75.20833333333333,44.0,77.0,0,197
2026-06-12T06:11:12+0900,GBIKE,2797,2797,68.31212012870934,34.0,70.0,0,190
2026-06-12T06:24:31+0900,ALPACA,1368,1368,75.20833333333333,44.0,77.0,0,197
2026-06-12T06:24:31+0900,GBIKE,2797,2797,68.27350732928137,34.0,70.0,0,190
2026-06-12T06:47:08+0900,ALPACA,1368,1368,75.20833333333333,44.0,77.0,0,197
2026-06-12T06:47:08+0900,GBIKE,2797,2797,68.2248838040758,34.0,70.0,0,190
2026-06-12T15:35:07+0900,ALPACA,1368,1368,75.20833333333333,44.0,77.0,0,197
2026-06-12T15:35:07+0900,GBIKE,2797,2797,68.80765105470147,35.0,71.0,0,193
2026-06-12T15:40:10+0900,ALPACA,1368,1368,75.20833333333333,44.0,77.0,0,197
2026-06-12T15:40:10+0900,GBIKE,2797,2797,68.85091169109761,35.0,71.0,0,193
2026-06-12T15:45:11+0900,ALPACA,1368,1368,75.20833333333333,44.0,77.0,0,197
2026-06-12T15:45:11+0900,GBIKE,2797,2797,68.81086878798713,35.0,71.0,0,193
2026-06-12T15:50:24+0900,ALPACA,1368,1368,75.20833333333333,44.0,77.0,0,197
2026-06-12T15:50:24+0900,GBIKE,2797,2797,68.76296031462282,35.0,71.0,0,193
2026-06-12T15:55:09+0900,ALPACA,1368,1368,75.20833333333333,44.0,77.0,0,197
2026-06-12T15:55:09+0900,GBIKE,2797,2797,68.71719699678226,35.0,71.0,0,192
2026-06-12T16:00:20+0900,ALPACA,1368,1368,75.20833333333333,44.0,77.0,0,197
2026-06-12T16:00:20+0900,GBIKE,2797,2797,68.67250625670361,35.0,71.0,0,192
2026-06-12T16:05:09+0900,ALPACA,1368,1368,75.20833333333333,44.0,77.0,0,197
2026-06-12T16:05:09+0900,GBIKE,2797,2797,68.6149445834823,34.60000000000002,71.0,0,191
2026-06-12T16:10:19+0900,ALPACA,1368,1368,75.20833333333333,44.0,77.0,0,197
2026-06-12T16:10:19+0900,GBIKE,2797,2797,68.57883446549874,34.60000000000002,70.0,0,191
2026-06-12T16:15:04+0900,ALPACA,1368,1368,75.20833333333333,44.0,77.0,0,197
2026-06-12T16:15:04+0900,GBIKE,2797,2797,68.55702538434036,34.60000000000002,70.0,0,190
2026-06-12T16:20:14+0900,ALPACA,1368,1368,75.20833333333333,44.0,77.0,0,197
2026-06-12T16:20:14+0900,GBIKE,2797,2797,68.51090454057919,34.0,70.0,0,190
2026-06-12T16:25:04+0900,ALPACA,1368,1368,75.20833333333333,44.0,77.0,0,197
2026-06-12T16:25:04+0900,GBIKE,2797,2797,68.48194494100822,34.0,70.0,0,190
2026-06-12T16:30:12+0900,ALPACA,1368,1368,75.20833333333333,44.0,77.0,0,197
2026-06-12T16:30:12+0900,GBIKE,2797,2797,68.46406864497676,34.0,70.0,0,190
2026-06-12T16:35:09+0900,ALPACA,1368,1368,75.20833333333333,44.0,77.0,0,197
2026-06-12T16:35:09+0900,GBIKE,2797,2797,68.44225956381838,34.0,70.0,0,190
2026-06-12T16:40:12+0900,ALPACA,1368,1368,75.20833333333333,44.0,77.0,0,197
2026-06-12T16:40:12+0900,GBIKE,2797,2797,68.4168752234537,34.0,70.0,0,189
2026-06-12T16:45:15+0900,ALPACA,1368,1368,75.20833333333333,44.0,77.0,0,197
2026-06-12T16:45:15+0900,GBIKE,2797,2797,68.35538076510547,34.0,70.0,0,189
2026-06-12T16:50:05+0900,ALPACA,1368,1368,75.20833333333333,44.0,77.0,0,197
2026-06-12T16:50:05+0900,GBIKE,2797,2797,68.32463353593135,34.0,70.0,0,189
2026-06-12T16:55:06+0900,ALPACA,1368,1368,75.20833333333333,44.0,77.0,0,197
2026-06-12T16:55:06+0900,GBIKE,2797,2797,68.27887021809082,34.0,70.0,0,189
2026-06-12T17:00:08+0900,ALPACA,1368,1368,75.20833333333333,44.0,77.0,0,197
2026-06-12T17:00:08+0900,GBIKE,2797,2797,68.22810153736145,34.0,70.0,0,189
2026-06-12T17:05:13+0900,ALPACA,1368,1368,75.20833333333333,44.0,77.0,0,197
2026-06-12T17:05:13+0900,GBIKE,2797,2797,68.19628173042545,34.0,70.0,0,189
2026-06-12T17:10:05+0900,ALPACA,1368,1368,75.20833333333333,44.0,77.0,0,197
2026-06-12T17:10:05+0900,GBIKE,2796,2796,68.16201716738198,34.0,70.0,0,189
2026-06-12T17:15:09+0900,ALPACA,1368,1368,75.20833333333333,44.0,77.0,0,197
2026-06-12T17:15:09+0900,GBIKE,2797,2797,68.11583839828387,34.0,70.0,0,189
2026-06-12T17:20:06+0900,ALPACA,1368,1368,75.20833333333333,44.0,77.0,0,197
2026-06-12T17:20:06+0900,GBIKE,2797,2797,68.08616374687165,34.0,70.0,0,189
2026-06-12T17:25:13+0900,ALPACA,1368,1368,75.20833333333333,44.0,77.0,0,197
2026-06-12T17:25:13+0900,GBIKE,2797,2797,68.04504826599928,34.0,70.0,0,189
2026-06-12T17:30:15+0900,ALPACA,1368,1368,75.20833333333333,44.0,77.0,0,197
2026-06-12T17:30:15+0900,GBIKE,2797,2797,68.00321773328567,34.0,69.0,0,190
2026-06-12T17:35:11+0900,ALPACA,1368,1368,75.20833333333333,44.0,77.0,0,197
2026-06-12T17:35:11+0900,GBIKE,2797,2797,67.96889524490526,34.0,69.0,0,191
2026-06-12T17:40:14+0900,ALPACA,1368,1368,75.20833333333333,44.0,77.0,0,197
2026-06-12T17:40:14+0900,GBIKE,2797,2797,67.9191991419378,34.0,69.0,0,191
2026-06-12T17:45:08+0900,ALPACA,1368,1368,75.20833333333333,44.0,77.0,0,197
2026-06-12T17:45:08+0900,GBIKE,2797,2797,67.89238469789059,34.0,69.0,0,191
2026-06-12T17:50:08+0900,ALPACA,1368,1368,75.20833333333333,44.0,77.0,0,197
2026-06-12T17:50:08+0900,GBIKE,2797,2797,67.84090096531999,34.0,69.0,0,193
2026-06-12T17:55:04+0900,ALPACA,1368,1368,75.20833333333333,44.0,77.0,0,197
2026-06-12T17:55:04+0900,GBIKE,2797,2797,67.80765105470147,34.0,69.0,0,193
2026-06-12T18:00:19+0900,ALPACA,1368,1368,75.20833333333333,44.0,77.0,0,197
2026-06-12T18:00:19+0900,GBIKE,2797,2797,67.7468716481945,34.0,69.0,0,193
2026-06-12T18:05:08+0900,ALPACA,1368,1368,75.20833333333333,44.0,77.0,0,197
2026-06-12T18:05:08+0900,GBIKE,2797,2797,67.68358956024312,34.0,69.0,0,194
2026-06-12T18:10:09+0900,ALPACA,1368,1368,75.20833333333333,44.0,77.0,0,197
2026-06-12T18:10:09+0900,GBIKE,2797,2797,67.64962459778334,34.0,69.0,0,194
2026-06-12T18:15:13+0900,ALPACA,1368,1368,75.20833333333333,44.0,77.0,0,197
2026-06-12T18:15:13+0900,GBIKE,2796,2796,67.61158798283262,34.0,69.0,0,194
2026-06-12T18:20:08+0900,ALPACA,1368,1368,75.20833333333333,44.0,77.0,0,197
2026-06-12T18:20:08+0900,GBIKE,2797,2797,67.5634608509117,34.0,69.0,0,196
2026-06-12T18:25:08+0900,ALPACA,1368,1368,75.20833333333333,44.0,77.0,0,197
2026-06-12T18:25:08+0900,GBIKE,2797,2797,67.5219878441187,34.0,69.0,0,196
2026-06-12T18:30:09+0900,ALPACA,1368,1368,75.20833333333333,44.0,77.0,0,197
2026-06-12T18:30:09+0900,GBIKE,2797,2797,67.46764390418305,34.0,69.0,0,197
2026-06-12T18:35:04+0900,ALPACA,1368,1368,75.20833333333333,44.0,77.0,0,197
2026-06-12T18:35:04+0900,GBIKE,2797,2797,67.42581337146943,34.0,69.0,0,197
2026-06-12T18:40:13+0900,ALPACA,1368,1368,75.20833333333333,44.0,77.0,0,197
2026-06-12T18:40:13+0900,GBIKE,2797,2797,67.40185913478727,34.0,69.0,0,197
2026-06-12T18:45:09+0900,ALPACA,1368,1368,75.20833333333333,44.0,77.0,0,197
2026-06-12T18:45:09+0900,GBIKE,2797,2797,67.35645334286735,34.0,69.0,0,197
2026-06-12T18:50:05+0900,ALPACA,1368,1368,75.20833333333333,44.0,77.0,0,197
2026-06-12T18:50:05+0900,GBIKE,2797,2797,67.3299964247408,34.0,69.0,0,197
2026-06-12T18:55:05+0900,ALPACA,1368,1368,75.20833333333333,44.0,77.0,0,197
2026-06-12T18:55:05+0900,GBIKE,2797,2797,67.27779764032893,34.0,69.0,0,198
2026-06-12T19:00:12+0900,ALPACA,1368,1368,75.20833333333333,44.0,77.0,0,197
2026-06-12T19:00:12+0900,GBIKE,2797,2797,67.23417947801215,34.0,68.0,0,198
2026-06-12T19:05:06+0900,ALPACA,1368,1368,75.20833333333333,44.0,77.0,0,197
2026-06-12T19:05:06+0900,GBIKE,2797,2797,67.21165534501252,34.0,68.0,0,200
2026-06-12T19:10:04+0900,ALPACA,1368,1368,75.20833333333333,44.0,77.0,0,197
2026-06-12T19:10:04+0900,GBIKE,2797,2797,67.17196996782266,34.0,68.0,0,200
2026-06-12T19:15:06+0900,ALPACA,1368,1368,75.20833333333333,44.0,77.0,0,197
2026-06-12T19:15:06+0900,GBIKE,2797,2797,67.15552377547372,34.0,68.0,0,200
2026-06-12T19:20:13+0900,ALPACA,1368,1368,75.20833333333333,44.0,77.0,0,197
2026-06-12T19:20:13+0900,GBIKE,2797,2797,67.1136932427601,34.0,68.0,0,200
2026-06-12T19:25:06+0900,ALPACA,1368,1368,75.20833333333333,44.0,77.0,0,197
2026-06-12T19:25:06+0900,GBIKE,2797,2797,67.09116910976046,34.0,68.0,0,200
2026-06-12T19:30:10+0900,ALPACA,1368,1368,75.20833333333333,44.0,77.0,0,197
2026-06-12T19:30:10+0900,GBIKE,2797,2797,67.04719342152306,34.0,68.0,0,201
2026-06-12T19:35:03+0900,ALPACA,1368,1368,75.20833333333333,44.0,77.0,0,197
2026-06-12T19:35:03+0900,GBIKE,2797,2797,67.02895959957097,34.0,68.0,0,201
2026-06-12T19:40:08+0900,ALPACA,1368,1368,75.20833333333333,44.0,77.0,0,197
2026-06-12T19:40:08+0900,GBIKE,2797,2797,66.97282803003218,34.0,68.0,0,201
2026-06-12T19:45:08+0900,ALPACA,1368,1368,75.20833333333333,44.0,77.0,0,197
2026-06-12T19:45:08+0900,GBIKE,2797,2797,66.92098677154094,34.0,68.0,0,200
2026-06-12T19:50:10+0900,ALPACA,1368,1368,75.20833333333333,44.0,77.0,0,197
2026-06-12T19:50:10+0900,GBIKE,2797,2797,66.88773686092242,34.0,68.0,0,199
2026-06-12T19:55:09+0900,ALPACA,1368,1368,75.20833333333333,44.0,77.0,0,197
2026-06-12T19:55:09+0900,GBIKE,2797,2797,66.85841973543081,34.0,68.0,0,196
2026-06-12T20:00:13+0900,ALPACA,1368,1368,75.20833333333333,44.0,77.0,0,197
2026-06-12T20:00:13+0900,GBIKE,2797,2797,66.82659992849482,34.0,68.0,0,196
2026-06-12T20:05:04+0900,ALPACA,1368,1368,75.20833333333333,44.0,77.0,0,197
2026-06-12T20:05:04+0900,GBIKE,2797,2797,66.77904898105113,34.0,68.0,0,196
2026-06-12T20:10:04+0900,ALPACA,1368,1368,75.20833333333333,44.0,77.0,0,197
2026-06-12T20:10:04+0900,GBIKE,2797,2797,66.74043618162317,34.0,68.0,0,196
2026-06-12T20:15:13+0900,ALPACA,1368,1368,75.20833333333333,44.0,77.0,0,197
2026-06-12T20:15:13+0900,GBIKE,2797,2797,66.69860564890955,34.0,68.0,0,196
2026-06-12T20:20:08+0900,ALPACA,1368,1368,75.20833333333333,44.0,77.0,0,197
2026-06-12T20:20:08+0900,GBIKE,2797,2797,66.67786914551304,34.0,68.0,0,196
2026-06-12T20:25:04+0900,ALPACA,1368,1368,75.20833333333333,44.0,77.0,0,197
2026-06-12T20:25:04+0900,GBIKE,2797,2797,66.64354665713265,34.0,68.0,0,196
2026-06-12T20:30:11+0900,ALPACA,1368,1368,75.20833333333333,44.0,77.0,0,197
2026-06-12T20:30:11+0900,GBIKE,2797,2797,66.61744726492671,34.0,68.0,0,196
2026-06-12T20:35:10+0900,ALPACA,1368,1368,75.20833333333333,44.0,77.0,0,197
2026-06-12T20:35:10+0900,GBIKE,2797,2797,66.59456560600644,34.0,68.0,0,196
2026-06-12T20:40:15+0900,ALPACA,1368,1368,75.20833333333333,44.0,77.0,0,197
2026-06-12T20:40:15+0900,GBIKE,2796,2796,66.5532904148784,34.0,67.0,0,196
2026-06-12T20:45:08+0900,ALPACA,1368,1368,75.20833333333333,44.0,77.0,0,197
2026-06-12T20:45:08+0900,GBIKE,2798,2798,66.51179413867048,34.0,67.0,0,197
2026-06-12T20:50:05+0900,ALPACA,1368,1368,75.20833333333333,44.0,77.0,0,197
2026-06-12T20:50:05+0900,GBIKE,2798,2798,66.49571122230165,33.0,67.0,0,196
2026-06-12T20:55:04+0900,ALPACA,1368,1368,75.20833333333333,44.0,77.0,0,197
2026-06-12T20:55:04+0900,GBIKE,2798,2798,66.53109363831308,33.69999999999999,67.0,0,196
2026-06-12T21:00:15+0900,ALPACA,1368,1368,75.20833333333333,44.0,77.0,0,197
2026-06-12T21:00:15+0900,GBIKE,2798,2798,66.60757684060043,34.0,67.0,0,195
2026-06-12T21:05:06+0900,ALPACA,1368,1368,75.20833333333333,44.0,77.0,0,197
2026-06-12T21:05:06+0900,GBIKE,2798,2798,66.63581129378127,34.0,67.0,0,196
2026-06-12T21:10:08+0900,ALPACA,1368,1368,75.20833333333333,44.0,77.0,0,197
2026-06-12T21:10:08+0900,GBIKE,2798,2798,66.7240886347391,34.0,67.5,0,196
2026-06-12T21:15:08+0900,ALPACA,1368,1368,75.20833333333333,44.0,77.0,0,197
2026-06-12T21:15:08+0900,GBIKE,2798,2798,66.73052180128663,34.0,68.0,0,196
2026-06-12T21:20:06+0900,ALPACA,1368,1368,75.20833333333333,44.0,77.0,0,197
2026-06-12T21:20:06+0900,GBIKE,2798,2798,66.8120085775554,34.0,68.0,0,196
2026-06-12T21:25:03+0900,ALPACA,1368,1368,75.20833333333333,44.0,77.0,0,197
2026-06-12T21:25:03+0900,GBIKE,2798,2798,66.77519656897785,34.0,68.0,0,196
2026-06-12T21:30:14+0900,ALPACA,1368,1368,75.20833333333333,44.0,77.0,0,197
2026-06-12T21:30:14+0900,GBIKE,2798,2798,66.85346676197284,34.0,68.0,0,196
2026-06-12T21:35:07+0900,ALPACA,1368,1368,75.20833333333333,44.0,77.0,0,197
2026-06-12T21:35:07+0900,GBIKE,2798,2798,66.79735525375268,34.0,68.0,0,196
2026-06-12T21:40:04+0900,ALPACA,1368,1368,75.20833333333333,44.0,77.0,0,197
2026-06-12T21:40:04+0900,GBIKE,2798,2798,66.79342387419585,34.0,68.0,0,196
2026-06-12T21:45:12+0900,ALPACA,1368,1368,75.20833333333333,44.0,77.0,0,197
2026-06-12T21:45:12+0900,GBIKE,2798,2798,66.81665475339528,34.0,68.0,0,196
2026-06-12T21:50:04+0900,ALPACA,1368,1368,75.20833333333333,44.0,77.0,0,197
2026-06-12T21:50:04+0900,GBIKE,2798,2798,66.77805575411008,33.69999999999999,68.0,0,196
2026-06-12T21:55:04+0900,ALPACA,1368,1368,75.20833333333333,44.0,77.0,0,197
2026-06-12T21:55:04+0900,GBIKE,2798,2798,66.83917083631165,33.69999999999999,68.0,0,196
2026-06-12T22:00:16+0900,ALPACA,1368,1368,75.20833333333333,44.0,77.0,0,197
2026-06-12T22:00:16+0900,GBIKE,2798,2798,66.91136526090064,34.0,68.0,0,196
2026-06-12T22:05:06+0900,ALPACA,1368,1368,75.20833333333333,44.0,77.0,0,197
2026-06-12T22:05:06+0900,GBIKE,2798,2798,66.93888491779843,34.0,68.0,0,196
2026-06-12T22:10:05+0900,ALPACA,1368,1368,75.20833333333333,44.0,77.0,0,197
2026-06-12T22:10:05+0900,GBIKE,2798,2798,67.01000714796282,34.0,68.0,0,196
2026-06-12T22:15:10+0900,ALPACA,1368,1368,75.20833333333333,44.0,77.0,0,197
2026-06-12T22:15:10+0900,GBIKE,2798,2798,67.01286633309506,34.0,68.0,0,196
2026-06-12T22:20:11+0900,ALPACA,1368,1368,75.20833333333333,44.0,77.0,0,197
2026-06-12T22:20:11+0900,GBIKE,2798,2798,67.02501786990707,34.0,68.0,0,196
2026-06-12T22:25:04+0900,ALPACA,1368,1368,75.20833333333333,44.0,77.0,0,197
2026-06-12T22:25:04+0900,GBIKE,2798,2798,67.06790564689064,34.0,68.0,0,197
2026-06-12T22:30:07+0900,ALPACA,1368,1368,75.20833333333333,44.0,77.0,0,197
2026-06-12T22:30:07+0900,GBIKE,2798,2798,67.01751250893496,34.0,68.0,0,197
2026-06-12T22:35:03+0900,ALPACA,1368,1368,75.20833333333333,44.0,77.0,0,197
2026-06-12T22:35:03+0900,GBIKE,2798,2798,66.97212294496069,34.0,68.0,0,197
2026-06-12T22:40:09+0900,ALPACA,1368,1368,75.20833333333333,44.0,77.0,0,197
2026-06-12T22:40:09+0900,GBIKE,2798,2798,66.93888491779843,33.69999999999999,68.0,0,197
2026-06-12T22:45:09+0900,ALPACA,1368,1368,75.20833333333333,44.0,77.0,0,197
2026-06-12T22:45:09+0900,GBIKE,2798,2798,66.92244460328806,33.69999999999999,68.0,0,197
2026-06-12T22:50:07+0900,ALPACA,1368,1368,75.20833333333333,44.0,77.0,0,197
2026-06-12T22:50:07+0900,GBIKE,2798,2798,66.87133666904933,33.69999999999999,67.5,0,196
2026-06-12T22:55:07+0900,ALPACA,1368,1368,75.20833333333333,44.0,77.0,0,197
2026-06-12T22:55:07+0900,GBIKE,2798,2798,66.84167262330236,33.69999999999999,67.0,0,197
2026-06-12T23:00:09+0900,ALPACA,1368,1368,75.20833333333333,44.0,77.0,0,197
2026-06-12T23:00:09+0900,GBIKE,2797,2797,66.78870218090812,33.0,67.0,0,197
2026-06-12T23:05:03+0900,ALPACA,1368,1368,75.20833333333333,44.0,77.0,0,197
2026-06-12T23:05:03+0900,GBIKE,2798,2798,66.74946390278771,33.0,67.0,0,197
2026-06-12T23:10:07+0900,ALPACA,1368,1368,75.20833333333333,44.0,77.0,0,197
2026-06-12T23:10:07+0900,GBIKE,2798,2798,66.7108649035025,33.0,67.0,0,197
2026-06-12T23:15:12+0900,ALPACA,1368,1368,75.20833333333333,44.0,77.0,0,197
2026-06-12T23:15:12+0900,GBIKE,2798,2798,66.65832737669764,33.0,67.0,0,197
2026-06-12T23:20:07+0900,ALPACA,1368,1368,75.20833333333333,44.0,77.0,0,197
2026-06-12T23:20:07+0900,GBIKE,2797,2797,66.59706828745084,33.0,67.0,0,198
2026-06-12T23:25:08+0900,ALPACA,1368,1368,75.20833333333333,44.0,77.0,0,197
2026-06-12T23:25:08+0900,GBIKE,2797,2797,66.547729710404,33.0,67.0,0,198
2026-06-12T23:30:13+0900,ALPACA,1368,1368,75.20833333333333,44.0,77.0,0,197
2026-06-12T23:30:13+0900,GBIKE,2798,2798,66.52358827734096,33.0,67.0,0,198
2026-06-12T23:35:07+0900,ALPACA,1368,1368,75.20833333333333,44.0,77.0,0,197
2026-06-12T23:35:07+0900,GBIKE,2797,2797,66.47336431891313,33.0,67.0,0,198
2026-06-12T23:40:05+0900,ALPACA,1368,1368,75.20833333333333,44.0,77.0,0,197
2026-06-12T23:40:05+0900,GBIKE,2798,2798,66.45461043602573,33.0,67.0,0,198
2026-06-12T23:45:09+0900,ALPACA,1368,1368,75.20833333333333,44.0,77.0,0,197
2026-06-12T23:45:09+0900,GBIKE,2797,2797,66.39292098677154,33.0,67.0,0,198
2026-06-12T23:50:08+0900,ALPACA,1368,1368,75.20833333333333,44.0,77.0,0,197
2026-06-12T23:50:08+0900,GBIKE,2798,2798,66.35453895639742,33.0,67.0,0,198
2026-06-12T23:55:03+0900,ALPACA,1368,1368,75.20833333333333,44.0,77.0,0,197
2026-06-12T23:55:03+0900,GBIKE,2797,2797,66.30496961029675,33.0,67.0,0,199
2026-06-13T00:00:29+0900,ALPACA,1368,1368,75.20833333333333,44.0,77.0,0,197
2026-06-13T00:00:29+0900,GBIKE,2798,2798,66.27662616154396,33.0,67.0,0,200
2026-06-13T00:05:11+0900,ALPACA,1368,1368,75.20833333333333,44.0,77.0,0,197
2026-06-13T00:05:11+0900,GBIKE,2798,2798,66.24195854181558,33.0,67.0,0,199
2026-06-13T00:10:08+0900,ALPACA,1368,1368,75.20833333333333,44.0,77.0,0,197
2026-06-13T00:10:08+0900,GBIKE,2798,2798,66.19728377412437,33.0,67.0,0,199
2026-06-13T00:15:15+0900,ALPACA,1368,1368,75.20833333333333,44.0,77.0,0,197
2026-06-13T00:15:15+0900,GBIKE,2798,2798,66.20836311651179,33.0,67.0,0,199
2026-06-13T00:20:05+0900,ALPACA,1368,1368,75.20833333333333,44.0,77.0,0,197
2026-06-13T00:20:05+0900,GBIKE,2798,2798,66.168691922802,33.0,67.0,0,199
2026-06-13T00:25:06+0900,ALPACA,1368,1368,75.20833333333333,44.0,77.0,0,197
2026-06-13T00:25:06+0900,GBIKE,2798,2798,66.15439599714081,33.0,67.0,0,199
2026-06-13T00:30:13+0900,ALPACA,1368,1368,75.20833333333333,44.0,77.0,0,197
2026-06-13T00:30:13+0900,GBIKE,2798,2798,66.13330950679057,33.0,67.0,0,199
2026-06-13T00:35:07+0900,ALPACA,1368,1368,75.20833333333333,44.0,77.0,0,197
2026-06-13T00:35:07+0900,GBIKE,2798,2798,66.15117941386704,33.0,67.0,0,199
2026-06-13T00:40:08+0900,ALPACA,1368,1368,75.20833333333333,44.0,77.0,0,197
2026-06-13T00:40:08+0900,GBIKE,2798,2798,66.19013581129379,33.0,67.0,0,199
2026-06-13T00:45:11+0900,ALPACA,1368,1368,75.20833333333333,44.0,77.0,0,197
2026-06-13T00:45:11+0900,GBIKE,2798,2798,66.22944960686205,33.0,67.0,0,198
2026-06-13T00:50:10+0900,ALPACA,1368,1368,75.20833333333333,44.0,77.0,0,197
2026-06-13T00:50:10+0900,GBIKE,2798,2798,66.27448177269478,33.0,67.0,0,198
2026-06-13T00:55:04+0900,ALPACA,1368,1368,75.20833333333333,44.0,77.0,0,197
2026-06-13T00:55:04+0900,GBIKE,2798,2798,66.30879199428163,33.0,67.0,0,198
2026-06-13T01:00:14+0900,ALPACA,1368,1368,75.20833333333333,44.0,77.0,0,197
2026-06-13T01:00:14+0900,GBIKE,2798,2798,66.27626876340243,33.0,67.0,0,198
2026-06-13T01:05:07+0900,ALPACA,1368,1368,75.20833333333333,44.0,77.0,0,197
2026-06-13T01:05:07+0900,GBIKE,2798,2798,66.29485346676198,33.69999999999999,67.0,0,198
2026-06-13T01:10:12+0900,ALPACA,1368,1368,75.20833333333333,44.0,77.0,0,197
2026-06-13T01:10:12+0900,GBIKE,2798,2798,66.25804145818442,33.69999999999999,67.0,0,198
2026-06-13T01:15:12+0900,ALPACA,1368,1368,75.20833333333333,44.0,77.0,0,197
2026-06-13T01:15:12+0900,GBIKE,2797,2797,66.30175187701109,33.60000000000002,67.0,0,198
2026-06-13T01:20:08+0900,ALPACA,1368,1368,75.20833333333333,44.0,77.0,0,197
2026-06-13T01:20:08+0900,GBIKE,2798,2798,66.31593995711222,34.0,67.0,0,199
2026-06-13T01:25:06+0900,ALPACA,1368,1368,75.20833333333333,44.0,77.0,0,197
2026-06-13T01:25:06+0900,GBIKE,2798,2798,66.38062902072909,34.0,67.0,0,199
2026-06-13T01:30:09+0900,ALPACA,1368,1368,75.20833333333333,44.0,77.0,0,197
2026-06-13T01:30:09+0900,GBIKE,2798,2798,66.42852037169406,34.0,67.0,0,199
2026-06-13T01:35:04+0900,ALPACA,1368,1368,75.20833333333333,44.0,77.0,0,197
2026-06-13T01:35:04+0900,GBIKE,2798,2798,66.45639742673337,34.0,67.0,0,199
2026-06-13T01:40:06+0900,ALPACA,1368,1368,75.20833333333333,44.0,77.0,0,197
2026-06-13T01:40:06+0900,GBIKE,2798,2798,66.45568263045033,34.0,67.0,0,198
2026-06-13T01:45:09+0900,ALPACA,1368,1368,75.20833333333333,44.0,77.0,0,197
2026-06-13T01:45:09+0900,GBIKE,2798,2798,66.433881343817,34.0,67.0,0,198
2026-06-13T01:50:12+0900,ALPACA,1368,1368,75.20833333333333,44.0,77.0,0,197
2026-06-13T01:50:12+0900,GBIKE,2798,2798,66.38884917798427,34.0,67.0,0,198
2026-06-13T01:55:09+0900,ALPACA,1368,1368,75.20833333333333,44.0,77.0,0,197
2026-06-13T01:55:09+0900,GBIKE,2798,2798,66.37205146533238,34.0,67.0,0,198
2026-06-13T02:00:18+0900,ALPACA,1368,1368,75.20833333333333,44.0,77.0,0,197
2026-06-13T02:00:18+0900,GBIKE,2798,2798,66.35525375268048,34.0,67.0,0,198
2026-06-13T02:05:05+0900,ALPACA,1368,1368,75.20833333333333,44.0,77.0,0,197
2026-06-13T02:05:05+0900,GBIKE,2798,2798,66.33774124374553,34.0,67.0,0,198
2026-06-13T02:10:11+0900,ALPACA,1368,1368,75.20833333333333,44.0,77.0,0,197
2026-06-13T02:10:11+0900,GBIKE,2798,2798,66.30450321658327,34.0,67.0,0,198
2026-06-13T02:15:11+0900,ALPACA,1368,1368,75.20833333333333,44.0,77.0,0,197
2026-06-13T02:15:11+0900,GBIKE,2798,2798,66.26912080057184,34.0,67.0,0,198
2026-06-13T02:20:04+0900,ALPACA,1368,1368,75.20833333333333,44.0,77.0,0,197
2026-06-13T02:20:04+0900,GBIKE,2798,2798,66.25947105075053,34.0,67.0,0,198
2026-06-13T02:25:06+0900,ALPACA,1368,1368,75.20833333333333,44.0,77.0,0,197
2026-06-13T02:25:06+0900,GBIKE,2798,2798,66.22087205146534,34.0,67.0,0,198
2026-06-13T02:30:07+0900,ALPACA,1368,1368,75.20833333333333,44.0,77.0,0,197
2026-06-13T02:30:07+0900,GBIKE,2798,2798,66.20800571837026,34.0,67.0,0,198
2026-06-13T02:35:04+0900,ALPACA,1368,1368,75.20833333333333,44.0,77.0,0,197
2026-06-13T02:35:04+0900,GBIKE,2799,2799,66.40192926045016,34.0,67.0,0,199
2026-06-13T02:40:06+0900,ALPACA,1368,1368,75.20833333333333,44.0,77.0,0,197
2026-06-13T02:40:06+0900,GBIKE,2799,2799,66.39121114683816,34.0,67.0,0,199
2026-06-13T02:45:06+0900,ALPACA,1368,1368,75.20833333333333,44.0,77.0,0,197
2026-06-13T02:45:06+0900,GBIKE,2799,2799,66.35191139692748,34.0,67.0,0,199
2026-06-13T02:50:08+0900,ALPACA,1368,1368,75.20833333333333,44.0,77.0,0,197
2026-06-13T02:50:08+0900,GBIKE,2799,2799,66.33261879242586,34.0,67.0,0,199
2026-06-13T02:55:08+0900,ALPACA,1368,1368,75.20833333333333,44.0,77.0,0,197
2026-06-13T02:55:08+0900,GBIKE,2799,2799,66.28474455162558,34.0,67.0,0,199
2026-06-13T03:00:25+0900,ALPACA,1368,1368,75.20833333333333,44.0,77.0,0,197
2026-06-13T03:00:25+0900,GBIKE,2799,2799,66.26866738120758,34.0,67.0,0,199
2026-06-13T03:05:06+0900,ALPACA,1368,1368,75.20833333333333,44.0,77.0,0,197
2026-06-13T03:05:06+0900,GBIKE,2799,2799,66.26080743122544,34.0,67.0,0,199
2026-06-13T03:10:10+0900,ALPACA,1368,1368,75.20833333333333,44.0,77.0,0,197
2026-06-13T03:10:10+0900,GBIKE,2799,2799,66.2261521972133,34.0,67.0,0,199
2026-06-13T03:15:14+0900,ALPACA,1368,1368,75.20833333333333,44.0,77.0,0,197
2026-06-13T03:15:14+0900,GBIKE,2799,2799,66.20364415862808,34.0,67.0,0,199
2026-06-13T03:20:07+0900,ALPACA,1368,1368,75.20833333333333,44.0,77.0,0,197
2026-06-13T03:20:07+0900,GBIKE,2799,2799,66.18363701321901,34.0,67.0,0,199
2026-06-13T03:25:07+0900,ALPACA,1368,1368,75.20833333333333,44.0,77.0,0,197
2026-06-13T03:25:07+0900,GBIKE,2799,2799,66.36048588781708,34.0,67.0,0,199
2026-06-13T03:30:14+0900,ALPACA,1368,1368,75.20833333333333,44.0,77.0,0,197
2026-06-13T03:30:14+0900,GBIKE,2799,2799,66.34440871739908,34.0,67.0,0,199
2026-06-13T03:35:10+0900,ALPACA,1368,1368,75.20833333333333,44.0,77.0,0,197
2026-06-13T03:35:10+0900,GBIKE,2799,2799,66.33118971061093,34.0,67.0,0,199
2026-06-13T03:40:08+0900,ALPACA,1368,1368,75.20833333333333,44.0,77.0,0,197
2026-06-13T03:40:08+0900,GBIKE,2799,2799,66.3201143265452,34.0,67.0,0,199
2026-06-13T03:45:11+0900,ALPACA,1368,1368,75.20833333333333,44.0,77.0,0,197
2026-06-13T03:45:11+0900,GBIKE,2799,2799,66.28367274026438,34.0,67.0,0,199
2026-06-13T03:50:11+0900,ALPACA,1368,1368,75.20833333333333,44.0,77.0,0,197
2026-06-13T03:50:11+0900,GBIKE,2799,2799,66.27581279028225,34.0,67.0,0,199
2026-06-13T03:55:08+0900,ALPACA,1368,1368,75.20833333333333,44.0,77.0,0,197
2026-06-13T03:55:08+0900,GBIKE,2799,2799,66.2529474812433,34.0,67.0,0,200
2026-06-13T04:00:17+0900,ALPACA,1368,1368,75.20833333333333,44.0,77.0,0,197
2026-06-13T04:00:17+0900,GBIKE,2799,2799,66.23722758127903,34.0,67.0,0,200
2026-06-13T04:05:07+0900,ALPACA,1368,1368,75.20833333333333,44.0,77.0,0,197
2026-06-13T04:05:07+0900,GBIKE,2799,2799,66.22758127902823,34.0,67.0,0,200
2026-06-13T04:10:10+0900,ALPACA,1368,1368,75.20833333333333,44.0,77.0,0,197
2026-06-13T04:10:10+0900,GBIKE,2799,2799,66.21471954269381,34.0,67.0,0,200
2026-06-13T04:15:16+0900,ALPACA,1368,1368,75.20833333333333,44.0,77.0,0,197
2026-06-13T04:15:16+0900,GBIKE,2799,2799,66.18899607002501,34.0,67.0,0,200
2026-06-13T04:20:06+0900,ALPACA,1368,1368,75.20833333333333,44.0,77.0,0,197
2026-06-13T04:20:06+0900,GBIKE,2799,2799,66.18185066095035,34.0,67.0,0,200
2026-06-13T04:25:08+0900,ALPACA,1368,1368,75.20833333333333,44.0,77.0,0,197
2026-06-13T04:25:08+0900,GBIKE,2799,2799,66.17327617006073,34.0,67.0,0,200
2026-06-13T04:30:16+0900,ALPACA,1368,1368,75.20833333333333,44.0,77.0,0,197
2026-06-13T04:30:16+0900,GBIKE,2799,2799,66.16255805644873,34.0,67.0,0,200
2026-06-13T04:35:05+0900,ALPACA,1368,1368,75.20833333333333,44.0,77.0,0,197
2026-06-13T04:35:05+0900,GBIKE,2799,2799,66.151482672383,34.0,67.0,0,200
2026-06-13T04:40:06+0900,ALPACA,1368,1368,75.20833333333333,44.0,77.0,0,197
2026-06-13T04:40:06+0900,GBIKE,2799,2799,66.14433726330833,34.0,67.0,0,200
2026-06-13T04:45:12+0900,ALPACA,1368,1368,75.20833333333333,44.0,77.0,0,197
2026-06-13T04:45:12+0900,GBIKE,2799,2799,66.13969274740978,34.0,67.0,0,200
2026-06-13T04:50:03+0900,ALPACA,1368,1368,75.20833333333333,44.0,77.0,0,197
2026-06-13T04:50:03+0900,GBIKE,2799,2799,66.13290460878885,34.0,67.0,0,200
2026-06-13T04:55:04+0900,ALPACA,1368,1368,75.20833333333333,44.0,77.0,0,197
2026-06-13T04:55:04+0900,GBIKE,2799,2799,66.12683101107538,34.0,67.0,0,200
2026-06-13T05:00:13+0900,ALPACA,1368,1368,75.20833333333333,44.0,77.0,0,197
2026-06-13T05:00:13+0900,GBIKE,2799,2799,66.11468381564845,34.0,67.0,0,200
2026-06-13T05:05:05+0900,ALPACA,1368,1368,75.20833333333333,44.0,77.0,0,197
2026-06-13T05:05:05+0900,GBIKE,2799,2799,66.14648088603073,34.0,67.0,0,200
2026-06-13T05:10:05+0900,ALPACA,1368,1368,75.20833333333333,44.0,77.0,0,197
2026-06-13T05:10:05+0900,GBIKE,2799,2799,66.14040728831726,34.0,67.0,0,200
2026-06-13T05:15:19+0900,ALPACA,1368,1368,75.20833333333333,44.0,77.0,0,197
2026-06-13T05:15:19+0900,GBIKE,2799,2799,66.12254376563058,34.0,67.0,0,200
2026-06-13T05:20:04+0900,ALPACA,1368,1368,75.20833333333333,44.0,77.0,0,197
2026-06-13T05:20:04+0900,GBIKE,2799,2799,66.11468381564845,34.0,67.0,0,200
2026-06-13T05:25:11+0900,ALPACA,1368,1368,75.20833333333333,44.0,77.0,0,197
2026-06-13T05:25:11+0900,GBIKE,2799,2799,66.0961057520543,34.0,67.0,0,200
2026-06-13T05:30:15+0900,ALPACA,1368,1368,75.20833333333333,44.0,77.0,0,197
2026-06-13T05:30:15+0900,GBIKE,1000,1000,62.657,31.0,62.0,0,77
2026-06-13T05:35:10+0900,ALPACA,1368,1368,75.20833333333333,44.0,77.0,0,197
2026-06-13T05:35:10+0900,GBIKE,2799,2799,66.06752411575563,34.0,67.0,0,200
2026-06-13T05:40:08+0900,ALPACA,1368,1368,75.20833333333333,44.0,77.0,0,197
2026-06-13T05:40:08+0900,GBIKE,2799,2799,66.05430510896748,34.0,67.0,0,200
2026-06-13T05:45:09+0900,ALPACA,1368,1368,75.20833333333333,44.0,77.0,0,197
2026-06-13T05:45:09+0900,GBIKE,2799,2799,66.04537334762415,34.0,67.0,0,200
2026-06-13T05:50:04+0900,ALPACA,1368,1368,75.20833333333333,44.0,77.0,0,197
2026-06-13T05:50:04+0900,GBIKE,2799,2799,66.03965702036442,34.0,67.0,0,200
2026-06-13T05:55:07+0900,ALPACA,1368,1368,75.20833333333333,44.0,77.0,0,197
2026-06-13T05:55:07+0900,GBIKE,2799,2799,66.02858163629868,34.0,67.0,0,200
2026-06-13T06:00:16+0900,ALPACA,1368,1368,75.20833333333333,44.0,77.0,0,197
2026-06-13T06:00:16+0900,GBIKE,2799,2799,66.02036441586282,34.0,67.0,0,200
2026-06-13T06:05:07+0900,ALPACA,1368,1368,75.20833333333333,44.0,77.0,0,197
2026-06-13T06:05:07+0900,GBIKE,2799,2799,66.0117899249732,34.0,67.0,0,200
2026-06-13T06:10:18+0900,ALPACA,1368,1368,75.20833333333333,44.0,77.0,0,197
2026-06-13T06:10:18+0900,GBIKE,2799,2799,66.00500178635227,34.0,67.0,0,200
2026-06-13T06:15:09+0900,ALPACA,1368,1368,75.20833333333333,44.0,77.0,0,197
2026-06-13T06:15:09+0900,GBIKE,2799,2799,65.99392640228653,34.0,66.0,0,200
2026-06-13T06:20:09+0900,ALPACA,1368,1368,75.20833333333333,44.0,77.0,0,197
2026-06-13T06:20:09+0900,GBIKE,2799,2799,65.98749553411933,34.0,66.0,0,200
2026-06-13T06:25:09+0900,ALPACA,1368,1368,75.20833333333333,44.0,77.0,0,197
2026-06-13T06:25:09+0900,GBIKE,2799,2799,65.97284744551625,34.0,66.0,0,200
2026-06-13T06:30:10+0900,ALPACA,1368,1368,75.20833333333333,44.0,77.0,0,197
2026-06-13T06:30:10+0900,GBIKE,2799,2799,65.96070025008932,34.0,66.0,0,199
2026-06-13T06:35:10+0900,ALPACA,1368,1368,75.20833333333333,44.0,77.0,0,197
2026-06-13T06:35:10+0900,GBIKE,2799,2799,65.95605573419078,34.0,66.0,0,199
2026-06-13T06:40:09+0900,ALPACA,1368,1368,75.20833333333333,44.0,77.0,0,197
2026-06-13T06:40:09+0900,GBIKE,2799,2799,65.94962486602358,34.0,66.0,0,199
2026-06-13T06:45:05+0900,ALPACA,1368,1368,75.20833333333333,44.0,77.0,0,197
2026-06-13T06:45:05+0900,GBIKE,2799,2799,65.9381922115041,34.0,66.0,0,199
2026-06-13T06:50:09+0900,ALPACA,1368,1368,75.20833333333333,44.0,77.0,0,197
2026-06-13T06:50:09+0900,GBIKE,2799,2799,65.92997499106824,33.80000000000001,66.0,0,199
2026-06-13T06:55:09+0900,ALPACA,1368,1368,75.20833333333333,44.0,77.0,0,197
2026-06-13T06:55:09+0900,GBIKE,2799,2799,65.9178277956413,33.80000000000001,66.0,0,200
2026-06-13T07:00:28+0900,ALPACA,1368,1368,75.20833333333333,44.0,77.0,0,197
2026-06-13T07:00:28+0900,GBIKE,2799,2799,65.90139335476957,33.80000000000001,66.0,0,200
2026-06-13T07:05:10+0900,ALPACA,1368,1368,75.20833333333333,44.0,77.0,0,197
2026-06-13T07:05:10+0900,GBIKE,2799,2799,65.88781707752769,33.80000000000001,66.0,0,200
2026-06-13T07:10:07+0900,ALPACA,1368,1368,75.20833333333333,44.0,77.0,0,197
2026-06-13T07:10:07+0900,GBIKE,2799,2799,65.87817077527689,33.80000000000001,66.0,0,200
2026-06-13T07:15:11+0900,ALPACA,1368,1368,75.20833333333333,44.0,77.0,0,197
2026-06-13T07:15:11+0900,GBIKE,2799,2799,65.86995355484102,33.80000000000001,66.0,0,200
2026-06-13T07:20:12+0900,ALPACA,1368,1368,75.20833333333333,44.0,77.0,0,197
2026-06-13T07:20:12+0900,GBIKE,2799,2799,65.86423722758128,33.80000000000001,66.0,0,200
2026-06-13T07:25:09+0900,ALPACA,1368,1368,75.20833333333333,44.0,77.0,0,197
2026-06-13T07:25:09+0900,GBIKE,2799,2799,65.8463737048946,33.80000000000001,66.0,0,200
2026-06-13T07:30:17+0900,ALPACA,1368,1368,75.20833333333333,44.0,77.0,0,197
2026-06-13T07:30:17+0900,GBIKE,2799,2799,65.82886745266167,33.0,66.0,0,200
2026-06-13T07:35:07+0900,ALPACA,1368,1368,75.20833333333333,44.0,77.0,0,197
2026-06-13T07:35:07+0900,GBIKE,2799,2799,65.81707752768845,33.0,66.0,0,200
2026-06-13T07:40:07+0900,ALPACA,1368,1368,75.20833333333333,44.0,77.0,0,197
2026-06-13T07:40:07+0900,GBIKE,2799,2799,65.80921757770632,33.0,66.0,0,200
2026-06-13T07:45:05+0900,ALPACA,1368,1368,75.20833333333333,44.0,77.0,0,197
2026-06-13T07:45:05+0900,GBIKE,2799,2799,65.79242586638085,33.0,66.0,0,200
2026-06-13T07:50:04+0900,ALPACA,1368,1368,75.20833333333333,44.0,77.0,0,197
2026-06-13T07:50:04+0900,GBIKE,2799,2799,65.7781350482315,33.0,66.0,0,200
2026-06-13T07:55:07+0900,ALPACA,1368,1368,75.20833333333333,44.0,77.0,0,197
2026-06-13T07:55:07+0900,GBIKE,2799,2799,65.76598785280457,33.0,66.0,0,200
2026-06-13T08:00:12+0900,ALPACA,1368,1368,75.20833333333333,44.0,77.0,0,197
2026-06-13T08:00:12+0900,GBIKE,2799,2799,65.7770632368703,33.0,66.0,0,200
2026-06-13T08:05:10+0900,ALPACA,1368,1368,75.20833333333333,44.0,77.0,0,197
2026-06-13T08:05:10+0900,GBIKE,2799,2799,65.83529832082887,33.0,66.0,0,200
2026-06-13T08:10:11+0900,ALPACA,1368,1368,75.20833333333333,44.0,77.0,0,197
2026-06-13T08:10:11+0900,GBIKE,2799,2799,65.84601643444087,33.0,66.0,0,200
2026-06-13T08:15:17+0900,ALPACA,1368,1368,75.20833333333333,44.0,77.0,0,197
2026-06-13T08:15:17+0900,GBIKE,2799,2799,65.8560200071454,33.0,66.0,0,200
2026-06-13T08:20:10+0900,ALPACA,1368,1368,75.20833333333333,44.0,77.0,0,197
2026-06-13T08:20:10+0900,GBIKE,2799,2799,65.97141836370132,33.0,66.0,0,200
2026-06-13T08:25:05+0900,ALPACA,1368,1368,75.20833333333333,44.0,77.0,0,197
2026-06-13T08:25:05+0900,GBIKE,2799,2799,66.04394426580922,33.0,67.0,0,200
2026-06-13T08:30:06+0900,ALPACA,1368,1368,75.20833333333333,44.0,77.0,0,197
2026-06-13T08:30:06+0900,GBIKE,2799,2799,66.12040014290818,33.0,67.0,0,200
2026-06-13T08:35:09+0900,ALPACA,1368,1368,75.20833333333333,44.0,77.0,0,197
2026-06-13T08:35:09+0900,GBIKE,2799,2799,66.12433011789925,33.0,67.0,0,200
2026-06-13T08:40:11+0900,ALPACA,1368,1368,75.20833333333333,44.0,77.0,0,197
2026-06-13T08:40:11+0900,GBIKE,2799,2799,66.19899964272955,34.0,67.0,0,200
2026-06-13T08:45:12+0900,ALPACA,1368,1368,75.20833333333333,44.0,77.0,0,197
2026-06-13T08:45:12+0900,GBIKE,2799,2799,66.26545194712398,34.0,67.0,0,200
2026-06-13T08:50:05+0900,ALPACA,1368,1368,75.20833333333333,44.0,77.0,0,197
2026-06-13T08:50:05+0900,GBIKE,2799,2799,66.4044301536263,34.0,67.0,0,200
2026-06-13T08:55:07+0900,ALPACA,1368,1368,75.20833333333333,44.0,77.0,0,197
2026-06-13T08:55:07+0900,GBIKE,2799,2799,66.44873168988924,34.0,67.0,0,200
2026-06-13T09:00:18+0900,ALPACA,1368,1368,75.20833333333333,44.0,77.0,0,197
2026-06-13T09:00:18+0900,GBIKE,2799,2799,66.50660950339407,34.0,67.0,0,198
2026-06-13T09:05:07+0900,ALPACA,1368,1368,75.20833333333333,44.0,77.0,0,197
2026-06-13T09:05:07+0900,GBIKE,2799,2799,66.56698821007502,34.0,67.0,0,198
2026-06-13T09:10:08+0900,ALPACA,1368,1368,75.20833333333333,44.0,77.0,0,197
2026-06-13T09:10:08+0900,GBIKE,2799,2799,66.56591639871382,34.0,67.0,0,197
2026-06-13T09:15:09+0900,ALPACA,1368,1368,75.20833333333333,44.0,77.0,0,197
2026-06-13T09:15:09+0900,GBIKE,2799,2799,66.55484101464809,34.0,67.0,0,197
2026-06-13T09:20:06+0900,ALPACA,1368,1368,75.20833333333333,44.0,77.0,0,197
2026-06-13T09:20:06+0900,GBIKE,2799,2799,66.5902107895677,34.0,67.0,0,197
2026-06-13T09:25:05+0900,ALPACA,1368,1368,75.20833333333333,44.0,77.0,0,197
2026-06-13T09:25:05+0900,GBIKE,2799,2799,66.69203286888174,34.0,67.0,0,197
2026-06-13T09:30:21+0900,ALPACA,1368,1368,75.20833333333333,44.0,77.0,0,197
2026-06-13T09:30:21+0900,GBIKE,2799,2799,66.76991782779564,34.0,67.0,0,197
2026-06-13T09:35:05+0900,ALPACA,1368,1368,75.20833333333333,44.0,77.0,0,197
2026-06-13T09:35:05+0900,GBIKE,2799,2799,66.89031797070382,34.0,67.0,0,197
2026-06-13T09:40:08+0900,ALPACA,1368,1368,75.20833333333333,44.0,77.0,0,197
2026-06-13T09:40:08+0900,GBIKE,2799,2799,66.94212218649518,34.0,67.0,0,197
2026-06-13T09:45:07+0900,ALPACA,1368,1368,75.20833333333333,44.0,77.0,0,197
2026-06-13T09:45:07+0900,GBIKE,2799,2799,66.97749196141478,34.0,67.0,0,197
2026-06-13T09:50:08+0900,ALPACA,1368,1368,75.20833333333333,44.0,77.0,0,197
2026-06-13T09:50:08+0900,GBIKE,2799,2799,67.0811003929975,34.0,67.0,0,197
2026-06-13T09:55:10+0900,ALPACA,1368,1368,75.20833333333333,44.0,77.0,0,197
2026-06-13T09:55:10+0900,GBIKE,2799,2799,67.11146838156485,34.0,67.0,0,197
2026-06-13T10:00:13+0900,ALPACA,1368,1368,75.20833333333333,44.0,77.0,0,197
2026-06-13T10:00:13+0900,GBIKE,2799,2799,67.06645230439443,34.0,67.0,0,197
2026-06-13T10:05:07+0900,ALPACA,1368,1368,75.20833333333333,44.0,77.0,0,197
2026-06-13T10:05:07+0900,GBIKE,2799,2799,67.08252947481243,34.0,67.0,0,197
2026-06-13T10:10:05+0900,ALPACA,1368,1368,75.20833333333333,44.0,77.0,0,197
2026-06-13T10:10:05+0900,GBIKE,2799,2799,67.14112182922473,34.0,68.0,0,197
2026-06-13T10:15:12+0900,ALPACA,1368,1368,75.20833333333333,44.0,77.0,0,197
2026-06-13T10:15:12+0900,GBIKE,2799,2799,67.1429081814934,34.0,68.0,0,197
2026-06-13T10:20:06+0900,ALPACA,1368,1368,75.20833333333333,44.0,77.0,0,197
2026-06-13T10:20:06+0900,GBIKE,2799,2799,67.20150053590568,34.0,68.0,0,197
2026-06-13T10:25:04+0900,ALPACA,1368,1368,75.20833333333333,44.0,77.0,0,197
2026-06-13T10:25:04+0900,GBIKE,2799,2799,67.21793497677741,34.0,68.0,0,197
2026-06-13T10:30:08+0900,ALPACA,1368,1368,75.20833333333333,44.0,77.0,0,197
2026-06-13T10:30:08+0900,GBIKE,2799,2799,67.21650589496248,34.0,68.0,0,197
2026-06-13T10:35:04+0900,ALPACA,1368,1368,75.20833333333333,44.0,77.0,0,197
2026-06-13T10:35:04+0900,GBIKE,2799,2799,67.20685959271168,34.0,68.0,0,197
2026-06-13T10:40:05+0900,ALPACA,1368,1368,75.20833333333333,44.0,77.0,0,197
2026-06-13T10:40:05+0900,GBIKE,2799,2799,67.22865309038943,34.0,68.0,0,197
2026-06-13T10:45:15+0900,ALPACA,1368,1368,75.20833333333333,44.0,77.0,0,197
2026-06-13T10:45:15+0900,GBIKE,2799,2799,67.20971775634155,34.0,68.0,0,197
2026-06-13T10:50:07+0900,ALPACA,1368,1368,75.20833333333333,44.0,77.0,0,197
2026-06-13T10:50:07+0900,GBIKE,2799,2799,67.2368703108253,34.0,68.0,0,197
2026-06-13T10:55:03+0900,ALPACA,1368,1368,75.20833333333333,44.0,77.0,0,197
2026-06-13T10:55:03+0900,GBIKE,2799,2799,67.25473383351196,34.0,68.0,0,197
2026-06-13T11:00:21+0900,ALPACA,1368,1368,75.20833333333333,44.0,77.0,0,197
2026-06-13T11:00:21+0900,GBIKE,2799,2799,67.2325830653805,34.0,68.0,0,197
2026-06-13T11:05:07+0900,ALPACA,1368,1368,75.20833333333333,44.0,77.0,0,197
2026-06-13T11:05:07+0900,GBIKE,2799,2799,67.36763129689174,34.0,68.0,0,197
2026-06-13T11:10:12+0900,ALPACA,1368,1368,75.20833333333333,44.0,77.0,0,197
2026-06-13T11:10:12+0900,GBIKE,2799,2799,67.45516255805644,34.0,68.0,0,197
2026-06-13T11:15:13+0900,ALPACA,1368,1368,75.20833333333333,44.0,77.0,0,197
2026-06-13T11:15:13+0900,GBIKE,2799,2799,67.57556270096462,34.0,68.0,0,197
2026-06-13T11:20:14+0900,ALPACA,1368,1368,75.20833333333333,44.0,77.0,0,197
2026-06-13T11:20:14+0900,GBIKE,2799,2799,67.60807431225437,34.0,68.0,0,198
2026-06-13T11:25:10+0900,ALPACA,1368,1368,75.20833333333333,44.0,77.0,0,197
2026-06-13T11:25:10+0900,GBIKE,2799,2799,67.61700607359771,34.0,68.0,0,197
2026-06-13T11:30:11+0900,ALPACA,1368,1368,75.20833333333333,44.0,77.0,0,197
2026-06-13T11:30:11+0900,GBIKE,2798,2798,67.65725518227305,34.0,68.0,0,197
2026-06-13T11:35:07+0900,ALPACA,1368,1368,75.20833333333333,44.0,77.0,0,197
2026-06-13T11:35:07+0900,GBIKE,2799,2799,67.71204001429082,34.0,68.0,0,197
2026-06-13T11:40:10+0900,ALPACA,1368,1368,75.20833333333333,44.0,77.0,0,197
2026-06-13T11:40:10+0900,GBIKE,2799,2799,67.82029296177207,34.0,68.0,0,197
2026-06-13T11:45:20+0900,ALPACA,1368,1368,75.20833333333333,44.0,77.0,0,197
2026-06-13T11:45:20+0900,GBIKE,2799,2799,67.84565916398714,34.0,68.0,0,197
2026-06-13T11:50:13+0900,ALPACA,1368,1368,75.20833333333333,44.0,77.0,0,197
2026-06-13T11:50:13+0900,GBIKE,2799,2799,67.99428367274027,34.0,69.0,0,198
2026-06-13T11:55:04+0900,ALPACA,1368,1368,75.20833333333333,44.0,77.0,0,197
2026-06-13T11:55:04+0900,GBIKE,2799,2799,68.08074312254377,34.0,69.0,0,198
2026-06-13T12:00:40+0900,ALPACA,1368,1368,75.20833333333333,44.0,77.0,0,197
2026-06-13T12:00:40+0900,GBIKE,2799,2799,68.1600571632726,34.0,69.0,0,199
2026-06-13T12:05:05+0900,ALPACA,1368,1368,75.20833333333333,44.0,77.0,0,197
2026-06-13T12:05:05+0900,GBIKE,2799,2799,68.19828510182208,34.0,69.0,0,199
2026-06-13T12:10:07+0900,ALPACA,1368,1368,75.20833333333333,44.0,77.0,0,197
2026-06-13T12:10:07+0900,GBIKE,2799,2799,68.20828867452661,34.0,69.0,0,199
2026-06-13T12:15:10+0900,ALPACA,1368,1368,75.20833333333333,44.0,77.0,0,197
2026-06-13T12:15:10+0900,GBIKE,2799,2799,68.21757770632368,34.0,69.0,0,198
2026-06-13T12:20:11+0900,ALPACA,1368,1368,75.20833333333333,44.0,77.0,0,197
2026-06-13T12:20:11+0900,GBIKE,2798,2798,68.23052180128663,34.0,69.0,0,198
2026-06-13T12:25:06+0900,ALPACA,1368,1368,75.20833333333333,44.0,77.0,0,197
2026-06-13T12:25:06+0900,GBIKE,2799,2799,68.27581279028225,34.0,69.0,0,198
2026-06-13T12:30:12+0900,ALPACA,1368,1368,75.20833333333333,44.0,77.0,0,197
2026-06-13T12:30:12+0900,GBIKE,2799,2799,68.36691675598428,34.0,69.0,0,199
2026-06-13T12:35:13+0900,ALPACA,1368,1368,75.20833333333333,44.0,77.0,0,197
2026-06-13T12:35:13+0900,GBIKE,2799,2799,68.35119685602001,34.0,69.0,0,199
2026-06-13T12:40:07+0900,ALPACA,1368,1368,75.20833333333333,44.0,77.0,0,197
2026-06-13T12:40:07+0900,GBIKE,2799,2799,68.32618792425866,34.0,69.0,0,198
2026-06-13T12:45:12+0900,ALPACA,1368,1368,75.20833333333333,44.0,77.0,0,197
2026-06-13T12:45:12+0900,GBIKE,2799,2799,68.29724901750625,34.0,69.0,0,198
2026-06-13T12:50:05+0900,ALPACA,1368,1368,75.20833333333333,44.0,77.0,0,197
2026-06-13T12:50:05+0900,GBIKE,2799,2799,68.27402643801358,34.0,69.0,0,198
2026-06-13T12:55:08+0900,ALPACA,1368,1368,75.20833333333333,44.0,77.0,0,197
2026-06-13T12:55:08+0900,GBIKE,2799,2799,68.25151839942836,34.0,69.0,0,198
2026-06-13T13:00:05+0900,ALPACA,1368,1368,75.20833333333333,44.0,77.0,0,197
2026-06-13T13:00:05+0900,GBIKE,2799,2799,68.22686673812076,34.0,69.0,0,197
2026-06-13T13:05:08+0900,ALPACA,1368,1368,75.20833333333333,44.0,77.0,0,197
2026-06-13T13:05:08+0900,GBIKE,2799,2799,68.18435155412648,34.0,69.0,0,197
2026-06-13T13:10:06+0900,ALPACA,1368,1368,75.20833333333333,44.0,77.0,0,197
2026-06-13T13:10:06+0900,GBIKE,2799,2799,68.14648088603073,34.0,69.0,0,198
2026-06-13T13:15:10+0900,ALPACA,1368,1368,75.20833333333333,44.0,77.0,0,197
2026-06-13T13:15:10+0900,GBIKE,2798,2798,68.10578984989279,34.0,69.0,0,198
2026-06-13T13:20:11+0900,ALPACA,1368,1368,75.20833333333333,44.0,77.0,0,197
2026-06-13T13:20:11+0900,GBIKE,2799,2799,68.0703822793855,34.0,69.0,0,198
2026-06-13T13:25:03+0900,ALPACA,1368,1368,75.20833333333333,44.0,77.0,0,197
2026-06-13T13:25:03+0900,GBIKE,2799,2799,68.05573419078242,34.0,69.0,0,197
2026-06-13T13:30:17+0900,ALPACA,1368,1368,75.20833333333333,44.0,77.0,0,197
2026-06-13T13:30:17+0900,GBIKE,2799,2799,68.03072525902108,34.0,69.0,0,198
2026-06-13T13:35:06+0900,ALPACA,1368,1368,75.20833333333333,44.0,77.0,0,197
2026-06-13T13:35:06+0900,GBIKE,2799,2799,67.99214005001787,34.0,69.0,0,198
2026-06-13T13:40:03+0900,ALPACA,1368,1368,75.20833333333333,44.0,77.0,0,197
2026-06-13T13:40:03+0900,GBIKE,2799,2799,67.9882100750268,34.0,69.0,0,198
2026-06-13T13:45:13+0900,ALPACA,1368,1368,75.20833333333333,44.0,77.0,0,197
2026-06-13T13:45:13+0900,GBIKE,2799,2799,67.96391568417292,34.0,69.0,0,198
2026-06-13T13:50:12+0900,ALPACA,1368,1368,75.20833333333333,44.0,77.0,0,197
2026-06-13T13:50:12+0900,GBIKE,2799,2799,67.94569489103252,34.0,69.0,0,198
2026-06-13T13:55:09+0900,ALPACA,1368,1368,75.20833333333333,44.0,77.0,0,197
2026-06-13T13:55:09+0900,GBIKE,2800,2800,67.92178571428572,34.0,68.5,0,199
2026-06-13T14:00:21+0900,ALPACA,1368,1368,75.20833333333333,44.0,77.0,0,197
2026-06-13T14:00:21+0900,GBIKE,2800,2800,67.92035714285714,34.0,68.5,0,199
2026-06-13T14:05:11+0900,ALPACA,1368,1368,75.20833333333333,44.0,77.0,0,197
2026-06-13T14:05:11+0900,GBIKE,2800,2800,67.8925,34.0,68.0,0,199
2026-06-13T14:10:04+0900,ALPACA,1368,1368,75.20833333333333,44.0,77.0,0,197
2026-06-13T14:10:04+0900,GBIKE,2800,2800,67.85464285714286,34.0,68.0,0,199
2026-06-13T14:15:10+0900,ALPACA,1368,1368,75.20833333333333,44.0,77.0,0,197
2026-06-13T14:15:10+0900,GBIKE,2800,2800,67.8475,34.0,68.0,0,200
2026-06-13T14:20:10+0900,ALPACA,1368,1368,75.20833333333333,44.0,77.0,0,197
2026-06-13T14:20:10+0900,GBIKE,2800,2800,67.85535714285714,34.0,68.0,0,200
2026-06-13T14:25:14+0900,ALPACA,1368,1368,75.20833333333333,44.0,77.0,0,197
2026-06-13T14:25:14+0900,GBIKE,2800,2800,67.88142857142857,34.0,68.0,0,200
2026-06-13T14:30:09+0900,ALPACA,1368,1368,75.20833333333333,44.0,77.0,0,197
2026-06-13T14:30:09+0900,GBIKE,2800,2800,67.93107142857143,34.0,69.0,0,200
2026-06-13T14:35:11+0900,ALPACA,1368,1368,75.20833333333333,44.0,77.0,0,197
2026-06-13T14:35:11+0900,GBIKE,2800,2800,67.90857142857143,34.0,69.0,0,200
2026-06-13T14:40:07+0900,ALPACA,1368,1368,75.20833333333333,44.0,77.0,0,197
2026-06-13T14:40:07+0900,GBIKE,2800,2800,67.87714285714286,34.0,68.0,0,200
2026-06-13T14:45:10+0900,ALPACA,1368,1368,75.20833333333333,44.0,77.0,0,197
2026-06-13T14:45:10+0900,GBIKE,2800,2800,67.95642857142857,34.0,69.0,0,200
2026-06-13T14:50:18+0900,ALPACA,1368,1368,75.20833333333333,44.0,77.0,0,197
2026-06-13T14:50:18+0900,GBIKE,2800,2800,67.94785714285715,34.0,68.0,0,200
2026-06-13T14:55:09+0900,ALPACA,1368,1368,75.20833333333333,44.0,77.0,0,197
2026-06-13T14:55:09+0900,GBIKE,2800,2800,67.94321428571429,34.0,68.0,0,200
2026-06-13T15:00:25+0900,ALPACA,1368,1368,75.20833333333333,44.0,77.0,0,197
2026-06-13T15:00:25+0900,GBIKE,2800,2800,67.94428571428571,34.0,68.5,0,201
2026-06-13T15:05:06+0900,ALPACA,1368,1368,75.20833333333333,44.0,77.0,0,197
2026-06-13T15:05:06+0900,GBIKE,2800,2800,67.95821428571429,34.0,69.0,0,201
2026-06-13T15:10:15+0900,ALPACA,1368,1368,75.20833333333333,44.0,77.0,0,197
2026-06-13T15:10:15+0900,GBIKE,2800,2800,67.93,34.0,69.0,0,202
2026-06-13T15:15:11+0900,ALPACA,1368,1368,75.20833333333333,44.0,77.0,0,197
2026-06-13T15:15:11+0900,GBIKE,2800,2800,67.91178571428571,34.0,68.0,0,201
2026-06-13T15:20:07+0900,ALPACA,1368,1368,75.20833333333333,44.0,77.0,0,197
2026-06-13T15:20:07+0900,GBIKE,2800,2800,67.89357142857143,34.0,68.0,0,200
2026-06-13T15:25:05+0900,ALPACA,1368,1368,75.20833333333333,44.0,77.0,0,197
2026-06-13T15:25:05+0900,GBIKE,2800,2800,67.86857142857143,34.0,68.0,0,200
2026-06-13T15:30:15+0900,ALPACA,1368,1368,75.20833333333333,44.0,77.0,0,197
2026-06-13T15:30:15+0900,GBIKE,2800,2800,67.83107142857143,34.0,68.0,0,199
2026-06-13T15:35:04+0900,ALPACA,1368,1368,75.20833333333333,44.0,77.0,0,197
2026-06-13T15:35:04+0900,GBIKE,2800,2800,67.80107142857143,34.0,68.0,0,199
2026-06-13T15:40:12+0900,ALPACA,1368,1368,75.20833333333333,44.0,77.0,0,197
2026-06-13T15:40:12+0900,GBIKE,2800,2800,67.775,34.0,68.0,0,199
2026-06-13T15:45:11+0900,ALPACA,1368,1368,75.20833333333333,44.0,77.0,0,197
2026-06-13T15:45:11+0900,GBIKE,2800,2800,67.73642857142858,34.0,68.0,0,199
2026-06-13T15:50:14+0900,ALPACA,1368,1368,75.20833333333333,44.0,77.0,0,197
2026-06-13T15:50:14+0900,GBIKE,2800,2800,67.72821428571429,34.0,68.0,0,199
2026-06-13T15:55:07+0900,ALPACA,1368,1368,75.20833333333333,44.0,77.0,0,197
2026-06-13T15:55:07+0900,GBIKE,2800,2800,67.7175,34.0,68.0,0,198
2026-06-13T16:00:19+0900,ALPACA,1368,1368,75.20833333333333,44.0,77.0,0,197
2026-06-13T16:00:19+0900,GBIKE,2800,2800,67.69285714285714,34.0,68.0,0,198
2026-06-13T16:05:15+0900,ALPACA,1368,1368,75.20833333333333,44.0,77.0,0,197
2026-06-13T16:05:15+0900,GBIKE,2800,2800,67.74,34.0,68.0,0,198
2026-06-13T16:10:11+0900,ALPACA,1368,1368,75.20833333333333,44.0,77.0,0,197
2026-06-13T16:10:11+0900,GBIKE,2800,2800,67.69571428571429,34.0,68.0,0,198
2026-06-13T16:15:14+0900,ALPACA,1368,1368,75.20833333333333,44.0,77.0,0,197
2026-06-13T16:15:14+0900,GBIKE,2800,2800,67.66178571428571,34.0,68.0,0,198
2026-06-13T16:20:12+0900,ALPACA,1368,1368,75.20833333333333,44.0,77.0,0,197
2026-06-13T16:20:12+0900,GBIKE,2800,2800,67.62142857142857,34.0,68.0,0,198
2026-06-13T16:25:05+0900,ALPACA,1368,1368,75.20833333333333,44.0,77.0,0,197
2026-06-13T16:25:05+0900,GBIKE,2800,2800,67.60285714285715,34.0,68.0,0,198
2026-06-13T16:30:10+0900,ALPACA,1368,1368,75.20833333333333,44.0,77.0,0,197
2026-06-13T16:30:10+0900,GBIKE,2800,2800,67.575,34.0,68.0,0,199
2026-06-13T16:35:04+0900,ALPACA,1368,1368,75.20833333333333,44.0,77.0,0,197
2026-06-13T16:35:04+0900,GBIKE,2800,2800,67.54714285714286,34.0,68.0,0,199
2026-06-13T16:40:09+0900,ALPACA,1368,1368,75.20833333333333,44.0,77.0,0,197
2026-06-13T16:40:09+0900,GBIKE,2800,2800,67.5125,34.0,68.0,0,199
2026-06-13T16:45:10+0900,ALPACA,1368,1368,75.20833333333333,44.0,77.0,0,197
2026-06-13T16:45:10+0900,GBIKE,2800,2800,67.48571428571428,34.0,68.0,0,200
2026-06-13T16:50:11+0900,ALPACA,1368,1368,75.20833333333333,44.0,77.0,0,197
2026-06-13T16:50:11+0900,GBIKE,2800,2800,67.44678571428571,34.0,67.5,0,199
2026-06-13T16:55:06+0900,ALPACA,1368,1368,75.20833333333333,44.0,77.0,0,197
2026-06-13T16:55:06+0900,GBIKE,2800,2800,67.41214285714285,34.0,67.0,0,200
2026-06-13T17:00:21+0900,ALPACA,1368,1368,75.20833333333333,44.0,77.0,0,197
2026-06-13T17:00:21+0900,GBIKE,2800,2800,67.37035714285715,34.0,67.0,0,201
2026-06-13T17:05:06+0900,ALPACA,1368,1368,75.20833333333333,44.0,77.0,0,197
2026-06-13T17:05:06+0900,GBIKE,2800,2800,67.34071428571428,34.0,67.0,0,201
2026-06-13T17:10:14+0900,ALPACA,1368,1368,75.20833333333333,44.0,77.0,0,197
2026-06-13T17:10:14+0900,GBIKE,2800,2800,67.28535714285714,34.0,67.0,0,202
2026-06-13T17:15:13+0900,ALPACA,1368,1368,75.20833333333333,44.0,77.0,0,197
2026-06-13T17:15:13+0900,GBIKE,2800,2800,67.26357142857142,34.0,67.0,0,203
2026-06-13T17:20:08+0900,ALPACA,1368,1368,75.20833333333333,44.0,77.0,0,197
2026-06-13T17:20:08+0900,GBIKE,2800,2800,67.23071428571428,34.0,67.0,0,201
2026-06-13T17:25:03+0900,ALPACA,1368,1368,75.20833333333333,44.0,77.0,0,197
2026-06-13T17:25:03+0900,GBIKE,2800,2800,67.20607142857143,34.0,67.0,0,201
2026-06-13T17:30:17+0900,ALPACA,1368,1368,75.20833333333333,44.0,77.0,0,197
2026-06-13T17:30:17+0900,GBIKE,2800,2800,67.17392857142858,34.0,67.0,0,202
2026-06-13T17:35:06+0900,ALPACA,1368,1368,75.20833333333333,44.0,77.0,0,197
2026-06-13T17:35:06+0900,GBIKE,2800,2800,67.14607142857143,34.0,67.0,0,202
2026-06-13T17:40:10+0900,ALPACA,1368,1368,75.20833333333333,44.0,77.0,0,197
2026-06-13T17:40:10+0900,GBIKE,2800,2800,67.10107142857143,34.0,67.0,0,202
2026-06-13T17:45:09+0900,ALPACA,1368,1368,75.20833333333333,44.0,77.0,0,197
2026-06-13T17:45:09+0900,GBIKE,2800,2800,67.07214285714285,34.0,67.0,0,203
2026-06-13T17:50:06+0900,ALPACA,1368,1368,75.20833333333333,44.0,77.0,0,197
2026-06-13T17:50:06+0900,GBIKE,2800,2800,67.035,34.0,67.0,0,202
2026-06-13T17:55:06+0900,ALPACA,1368,1368,75.20833333333333,44.0,77.0,0,197
2026-06-13T17:55:06+0900,GBIKE,2800,2800,67.00571428571429,34.0,67.0,0,203
2026-06-13T18:00:13+0900,ALPACA,1368,1368,75.20833333333333,44.0,77.0,0,197
2026-06-13T18:00:13+0900,GBIKE,2800,2800,66.97428571428571,34.0,67.0,0,203
2026-06-13T18:05:11+0900,ALPACA,1368,1368,75.20833333333333,44.0,77.0,0,197
2026-06-13T18:05:11+0900,GBIKE,2800,2800,66.93428571428572,34.0,67.0,0,203
2026-06-13T18:10:04+0900,ALPACA,1368,1368,75.20833333333333,44.0,77.0,0,197
2026-06-13T18:10:04+0900,GBIKE,2800,2800,66.88928571428572,34.0,67.0,0,203
2026-06-13T18:15:09+0900,ALPACA,1368,1368,75.20833333333333,44.0,77.0,0,197
2026-06-13T18:15:09+0900,GBIKE,2800,2800,66.85392857142857,34.0,67.0,0,203
2026-06-13T18:20:06+0900,ALPACA,1368,1368,75.20833333333333,44.0,77.0,0,197
2026-06-13T18:20:06+0900,GBIKE,2800,2800,66.79357142857143,34.0,67.0,0,203
2026-06-13T18:25:06+0900,ALPACA,1368,1368,75.20833333333333,44.0,77.0,0,197
2026-06-13T18:25:06+0900,GBIKE,2800,2800,66.76928571428572,34.0,67.0,0,203
2026-06-13T18:30:15+0900,ALPACA,1368,1368,75.20833333333333,44.0,77.0,0,197
2026-06-13T18:30:15+0900,GBIKE,2800,2800,66.72785714285715,34.0,67.0,0,203
2026-06-13T18:35:12+0900,ALPACA,1368,1368,75.20833333333333,44.0,77.0,0,197
2026-06-13T18:35:12+0900,GBIKE,2800,2800,66.70642857142857,34.0,67.0,0,203
2026-06-13T18:40:19+0900,ALPACA,1368,1368,75.20833333333333,44.0,77.0,0,197
2026-06-13T18:40:19+0900,GBIKE,2800,2800,66.68285714285715,34.0,67.0,0,203
2026-06-13T18:45:09+0900,ALPACA,1368,1368,75.20833333333333,44.0,77.0,0,197
2026-06-13T18:45:09+0900,GBIKE,2800,2800,66.65178571428571,34.0,67.0,0,203
2026-06-13T18:50:06+0900,ALPACA,1368,1368,75.20833333333333,44.0,77.0,0,197
2026-06-13T18:50:06+0900,GBIKE,2800,2800,66.61964285714286,34.0,67.0,0,203
2026-06-13T18:55:04+0900,ALPACA,1368,1368,75.20833333333333,44.0,77.0,0,197
2026-06-13T18:55:04+0900,GBIKE,2800,2800,66.59321428571428,34.0,67.0,0,202
2026-06-13T19:00:10+0900,ALPACA,1368,1368,75.20833333333333,44.0,77.0,0,197
2026-06-13T19:00:10+0900,GBIKE,2800,2800,66.56964285714285,34.0,67.0,0,202
2026-06-13T19:05:05+0900,ALPACA,1368,1368,75.20833333333333,44.0,77.0,0,197
2026-06-13T19:05:05+0900,GBIKE,2800,2800,66.53571428571429,34.0,67.0,0,202
2026-06-13T19:10:03+0900,ALPACA,1368,1368,75.20833333333333,44.0,77.0,0,197
2026-06-13T19:10:03+0900,GBIKE,2800,2800,66.53107142857142,34.0,67.0,0,201
2026-06-13T19:15:06+0900,ALPACA,1368,1368,75.20833333333333,44.0,77.0,0,197
2026-06-13T19:15:06+0900,GBIKE,2800,2800,66.52321428571429,34.0,67.0,0,200
2026-06-13T19:20:06+0900,ALPACA,1368,1368,75.20833333333333,44.0,77.0,0,197
2026-06-13T19:20:06+0900,GBIKE,2800,2800,66.49928571428572,34.0,67.0,0,200
2026-06-13T19:25:03+0900,ALPACA,1368,1368,75.20833333333333,44.0,77.0,0,197
2026-06-13T19:25:03+0900,GBIKE,2800,2800,66.49785714285714,34.0,66.5,0,200
2026-06-13T19:30:07+0900,ALPACA,1368,1368,75.20833333333333,44.0,77.0,0,197
2026-06-13T19:30:07+0900,GBIKE,2800,2800,66.54142857142857,34.0,67.0,0,200
2026-06-13T19:35:07+0900,ALPACA,1368,1368,75.20833333333333,44.0,77.0,0,197
2026-06-13T19:35:07+0900,GBIKE,2800,2800,66.52714285714286,34.0,67.0,0,200
2026-06-13T19:40:03+0900,ALPACA,1368,1368,75.20833333333333,44.0,77.0,0,197
2026-06-13T19:40:03+0900,GBIKE,2800,2800,66.52,34.0,66.5,0,202
2026-06-13T19:45:12+0900,ALPACA,1368,1368,75.20833333333333,44.0,77.0,0,197
2026-06-13T19:45:12+0900,GBIKE,2800,2800,66.48357142857142,34.0,66.0,0,202
2026-06-13T19:50:07+0900,ALPACA,1368,1368,75.20833333333333,44.0,77.0,0,197
2026-06-13T19:50:07+0900,GBIKE,2800,2800,66.49535714285715,34.0,66.5,0,202
2026-06-13T19:55:04+0900,ALPACA,1368,1368,75.20833333333333,44.0,77.0,0,197
2026-06-13T19:55:04+0900,GBIKE,2800,2800,66.46035714285715,34.0,66.5,0,201
2026-06-13T20:00:16+0900,ALPACA,1368,1368,75.20833333333333,44.0,77.0,0,197
2026-06-13T20:00:16+0900,GBIKE,2800,2800,66.50178571428572,34.0,67.0,0,201
2026-06-13T20:05:06+0900,ALPACA,1368,1368,75.20833333333333,44.0,77.0,0,197
2026-06-13T20:05:06+0900,GBIKE,2800,2800,66.46714285714286,34.0,66.5,0,202
2026-06-13T20:10:08+0900,ALPACA,1368,1368,75.20833333333333,44.0,77.0,0,197
2026-06-13T20:10:08+0900,GBIKE,2800,2800,66.43571428571428,34.0,67.0,0,202
2026-06-13T20:15:10+0900,ALPACA,1368,1368,75.20833333333333,44.0,77.0,0,197
2026-06-13T20:15:10+0900,GBIKE,2800,2800,66.41464285714285,34.0,67.0,0,202
2026-06-13T20:20:09+0900,ALPACA,1368,1368,75.20833333333333,44.0,77.0,0,197
2026-06-13T20:20:09+0900,GBIKE,2800,2800,66.52678571428571,34.0,67.0,0,203
2026-06-13T20:25:04+0900,ALPACA,1368,1368,75.20833333333333,44.0,77.0,0,197
2026-06-13T20:25:04+0900,GBIKE,2800,2800,66.65178571428571,34.0,67.0,0,203
2026-06-13T20:30:14+0900,ALPACA,1368,1368,75.20833333333333,44.0,77.0,0,197
2026-06-13T20:30:14+0900,GBIKE,2800,2800,66.75357142857143,34.0,67.0,0,203
2026-06-13T20:35:04+0900,ALPACA,1368,1368,75.20833333333333,44.0,77.0,0,197
2026-06-13T20:35:04+0900,GBIKE,2800,2800,66.79535714285714,34.0,67.0,0,203
2026-06-13T20:40:04+0900,ALPACA,1368,1368,75.20833333333333,44.0,77.0,0,197
2026-06-13T20:40:04+0900,GBIKE,2800,2800,66.85035714285715,34.0,67.0,0,202
2026-06-13T20:45:10+0900,ALPACA,1368,1368,75.20833333333333,44.0,77.0,0,197
2026-06-13T20:45:10+0900,GBIKE,2800,2800,66.92035714285714,34.0,67.0,0,201
2026-06-13T20:50:09+0900,ALPACA,1368,1368,75.20833333333333,44.0,77.0,0,197
2026-06-13T20:50:09+0900,GBIKE,2800,2800,67.04571428571428,34.0,67.0,0,201
2026-06-13T20:55:07+0900,ALPACA,1368,1368,75.20833333333333,44.0,77.0,0,197
2026-06-13T20:55:07+0900,GBIKE,2800,2800,67.115,34.0,67.0,0,202
2026-06-13T21:00:10+0900,ALPACA,1368,1368,75.20833333333333,44.0,77.0,0,197
2026-06-13T21:00:10+0900,GBIKE,2800,2800,67.17464285714286,34.0,67.5,0,202
2026-06-13T21:05:04+0900,ALPACA,1368,1368,75.20833333333333,44.0,77.0,0,197
2026-06-13T21:05:04+0900,GBIKE,2800,2800,67.34178571428572,34.0,68.0,0,201
2026-06-13T21:10:07+0900,ALPACA,1368,1368,75.20833333333333,44.0,77.0,0,197
2026-06-13T21:10:07+0900,GBIKE,2800,2800,67.29392857142857,34.0,68.0,0,201
2026-06-13T21:15:05+0900,ALPACA,1368,1368,75.20833333333333,44.0,77.0,0,197
2026-06-13T21:15:05+0900,GBIKE,2801,2801,67.43912888254195,34.0,68.0,0,201
2026-06-13T21:20:06+0900,ALPACA,1368,1368,75.20833333333333,44.0,77.0,0,197
2026-06-13T21:20:06+0900,GBIKE,2801,2801,67.45876472688326,34.0,68.0,0,201
2026-06-13T21:25:05+0900,ALPACA,1368,1368,75.20833333333333,44.0,77.0,0,197
2026-06-13T21:25:05+0900,GBIKE,2801,2801,67.47947161727954,34.0,68.0,0,201
2026-06-13T21:30:10+0900,ALPACA,1368,1368,75.20833333333333,44.0,77.0,0,197
2026-06-13T21:30:10+0900,GBIKE,2801,2801,67.5005355230275,34.0,68.0,0,201
2026-06-13T21:35:06+0900,ALPACA,1368,1368,75.20833333333333,44.0,77.0,0,197
2026-06-13T21:35:06+0900,GBIKE,2801,2801,67.527311674402,34.0,68.0,0,201
2026-06-13T21:40:05+0900,GBIKE,2801,2801,67.64262763298822,34.0,68.0,0,201
2026-06-13T21:45:05+0900,ALPACA,1368,1368,75.20833333333333,44.0,77.0,0,197
2026-06-13T21:45:05+0900,GBIKE,2801,2801,67.6822563370225,34.0,68.0,0,201
2026-06-13T21:50:11+0900,ALPACA,1368,1368,75.20833333333333,44.0,77.0,0,197
2026-06-13T21:50:11+0900,GBIKE,2801,2801,67.67154587647269,34.0,68.0,0,201
2026-06-13T21:55:07+0900,ALPACA,1368,1368,75.20833333333333,44.0,77.0,0,197
2026-06-13T21:55:07+0900,GBIKE,2801,2801,67.60406997500893,34.0,68.0,0,201
2026-06-13T22:00:13+0900,ALPACA,1368,1368,75.20833333333333,44.0,77.0,0,197
2026-06-13T22:00:13+0900,GBIKE,2801,2801,67.71046054980364,34.0,68.0,0,201
2026-06-13T22:05:08+0900,ALPACA,1368,1368,75.20833333333333,44.0,77.0,0,197
2026-06-13T22:05:08+0900,GBIKE,2801,2801,67.72188504105677,34.0,68.0,0,201
2026-06-13T22:10:06+0900,ALPACA,1368,1368,75.20833333333333,44.0,77.0,0,197
2026-06-13T22:10:06+0900,GBIKE,2801,2801,67.79757229560872,34.0,69.0,0,201
2026-06-13T22:15:06+0900,ALPACA,1368,1368,75.20833333333333,44.0,77.0,0,197
2026-06-13T22:15:06+0900,GBIKE,2801,2801,67.82791860049983,34.0,69.0,0,201
2026-06-13T22:20:04+0900,ALPACA,1368,1368,75.20833333333333,44.0,77.0,0,197
2026-06-13T22:20:04+0900,GBIKE,2801,2801,67.90324883970011,34.0,69.0,0,201
2026-06-13T22:25:03+0900,ALPACA,1368,1368,75.20833333333333,44.0,77.0,0,197
2026-06-13T22:25:03+0900,GBIKE,2802,2802,67.96431120628122,34.10000000000002,69.0,0,201
2026-06-13T22:30:09+0900,ALPACA,1368,1368,75.20833333333333,44.0,77.0,0,197
2026-06-13T22:30:09+0900,GBIKE,2802,2802,68.02177016416844,35.0,69.0,0,201
2026-06-13T22:35:06+0900,ALPACA,1368,1368,75.20833333333333,44.0,77.0,0,197
2026-06-13T22:35:06+0900,GBIKE,2803,2803,68.17695326435961,35.0,69.0,0,201
2026-06-13T22:40:04+0900,ALPACA,1368,1368,75.20833333333333,44.0,77.0,0,197
2026-06-13T22:40:04+0900,GBIKE,2803,2803,68.24152693542634,35.0,69.0,0,201
2026-06-13T22:45:04+0900,ALPACA,1368,1368,75.20833333333333,44.0,77.0,0,197
2026-06-13T22:45:04+0900,GBIKE,2803,2803,68.25187299322155,35.0,69.0,0,201
2026-06-13T22:50:09+0900,ALPACA,1368,1368,75.20833333333333,44.0,77.0,0,197
2026-06-13T22:50:09+0900,GBIKE,2803,2803,68.26364609347128,35.0,69.0,0,201
2026-06-13T22:55:04+0900,ALPACA,1368,1368,75.20833333333333,44.0,77.0,0,197
2026-06-13T22:55:04+0900,GBIKE,2803,2803,68.27934356047092,35.0,69.0,0,202
2026-06-13T23:00:05+0900,ALPACA,1368,1368,75.20833333333333,44.0,77.0,0,197
2026-06-13T23:00:05+0900,GBIKE,2803,2803,68.25401355690332,35.0,69.0,0,202
2026-06-13T23:05:04+0900,ALPACA,1368,1368,75.20833333333333,44.0,77.0,0,197
2026-06-13T23:05:04+0900,GBIKE,2803,2803,68.20620763467713,35.0,69.0,0,202
2026-06-13T23:10:03+0900,ALPACA,1368,1368,75.20833333333333,44.0,77.0,0,197
2026-06-13T23:10:03+0900,GBIKE,2803,2803,68.17374241883697,35.0,69.0,0,202
2026-06-13T23:15:09+0900,ALPACA,1368,1368,75.20833333333333,44.0,77.0,0,197
2026-06-13T23:15:09+0900,GBIKE,2803,2803,68.13663931501962,35.0,69.0,0,202
2026-06-13T23:20:08+0900,ALPACA,1368,1368,75.20833333333333,44.0,77.0,0,197
2026-06-13T23:20:08+0900,GBIKE,2803,2803,68.09632536567963,35.0,69.0,0,203
2026-06-13T23:25:03+0900,ALPACA,1368,1368,75.20833333333333,44.0,77.0,0,197
2026-06-13T23:25:03+0900,GBIKE,2803,2803,68.05529789511237,35.0,69.0,0,203
2026-06-13T23:30:13+0900,ALPACA,1368,1368,75.20833333333333,44.0,77.0,0,197
2026-06-13T23:30:13+0900,GBIKE,2802,2802,68.01463240542469,35.0,69.0,0,203
2026-06-13T23:35:04+0900,ALPACA,1368,1368,75.20833333333333,44.0,77.0,0,197
2026-06-13T23:35:04+0900,GBIKE,2803,2803,67.98894042097753,35.0,69.0,0,203
2026-06-13T23:40:05+0900,ALPACA,1368,1368,75.20833333333333,44.0,77.0,0,197
2026-06-13T23:40:05+0900,GBIKE,2803,2803,67.9393506956832,35.0,69.0,0,203
2026-06-13T23:45:04+0900,ALPACA,1368,1368,75.20833333333333,44.0,77.0,0,197
2026-06-13T23:45:04+0900,GBIKE,2803,2803,67.87549054584373,35.0,69.0,0,203
2026-06-13T23:50:04+0900,ALPACA,1368,1368,75.20833333333333,44.0,77.0,0,197
2026-06-13T23:50:04+0900,GBIKE,2803,2803,67.82804138423118,35.0,68.0,0,203
2026-06-13T23:55:04+0900,ALPACA,1368,1368,75.20833333333333,44.0,77.0,0,197
2026-06-13T23:55:04+0900,GBIKE,2803,2803,67.8005708169818,35.0,68.0,0,203
2026-06-14T00:00:22+0900,ALPACA,1368,1368,75.20833333333333,44.0,77.0,0,197
2026-06-14T00:00:22+0900,GBIKE,2803,2803,67.77238672850517,35.0,68.0,0,203
2026-06-14T00:05:07+0900,ALPACA,1368,1368,75.20833333333333,44.0,77.0,0,197
2026-06-14T00:05:07+0900,GBIKE,2803,2803,67.72636460934713,35.0,68.0,0,203
2026-06-14T00:10:14+0900,ALPACA,1368,1368,75.20833333333333,44.0,77.0,0,197
2026-06-14T00:10:14+0900,GBIKE,2803,2803,67.6867641812344,35.0,68.0,0,203
2026-06-14T00:15:11+0900,ALPACA,1368,1368,75.20833333333333,44.0,77.0,0,197
2026-06-14T00:15:11+0900,GBIKE,2803,2803,67.65822333214413,35.0,68.0,0,204
2026-06-14T00:20:07+0900,ALPACA,1368,1368,75.20833333333333,44.0,77.0,0,197
2026-06-14T00:20:07+0900,GBIKE,2803,2803,67.60078487334998,35.0,68.0,0,204
2026-06-14T00:25:04+0900,ALPACA,1368,1368,75.20833333333333,44.0,77.0,0,197
2026-06-14T00:25:04+0900,GBIKE,2803,2803,67.6250445950767,35.0,68.0,0,204
2026-06-14T00:30:06+0900,ALPACA,1368,1368,75.20833333333333,44.0,77.0,0,197
2026-06-14T00:30:06+0900,GBIKE,2803,2803,67.66821262932572,35.0,68.0,0,204
2026-06-14T00:35:09+0900,ALPACA,1368,1368,75.20833333333333,44.0,77.0,0,197
2026-06-14T00:35:09+0900,GBIKE,2803,2803,67.68105601141635,35.0,68.0,0,204
2026-06-14T00:40:10+0900,ALPACA,1368,1368,75.20833333333333,44.0,77.0,0,197
2026-06-14T00:40:10+0900,GBIKE,2803,2803,67.65501248662147,35.0,68.0,0,204
2026-06-14T00:45:11+0900,ALPACA,1368,1368,75.20833333333333,44.0,77.0,0,197
2026-06-14T00:45:11+0900,GBIKE,2803,2803,67.66214769889405,35.0,68.0,0,204
2026-06-14T00:50:04+0900,ALPACA,1368,1368,75.20833333333333,44.0,77.0,0,197
2026-06-14T00:50:04+0900,GBIKE,2803,2803,67.71138066357474,35.0,68.0,0,204
2026-06-14T00:55:06+0900,ALPACA,1368,1368,75.20833333333333,44.0,77.0,0,197
2026-06-14T00:55:06+0900,GBIKE,2803,2803,67.69033178737068,35.0,68.0,0,204
2026-06-14T01:00:13+0900,ALPACA,1368,1368,75.20833333333333,44.0,77.0,0,197
2026-06-14T01:00:13+0900,GBIKE,2803,2803,67.76846236175527,35.0,68.0,0,204
2026-06-14T01:05:08+0900,ALPACA,1368,1368,75.20833333333333,44.0,77.0,0,197
2026-06-14T01:05:08+0900,GBIKE,2803,2803,67.85622547270782,35.0,68.0,0,203
2026-06-14T01:10:06+0900,ALPACA,1368,1368,75.20833333333333,44.0,77.0,0,197
2026-06-14T01:10:06+0900,GBIKE,2803,2803,67.87941491259365,35.0,68.0,0,202
2026-06-14T01:15:03+0900,ALPACA,1368,1368,75.20833333333333,44.0,77.0,0,197
2026-06-14T01:15:03+0900,GBIKE,2803,2803,67.84231180877632,35.0,68.0,0,203
2026-06-14T01:20:05+0900,ALPACA,1368,1368,75.20833333333333,44.0,77.0,0,197
2026-06-14T01:20:05+0900,GBIKE,2803,2803,67.79628968961826,35.0,68.0,0,202
2026-06-14T01:25:07+0900,ALPACA,1368,1368,75.20833333333333,44.0,77.0,0,197
2026-06-14T01:25:07+0900,GBIKE,2803,2803,67.7702461648234,35.0,68.0,0,202
2026-06-14T01:30:07+0900,ALPACA,1368,1368,75.20833333333333,44.0,77.0,0,197
2026-06-14T01:30:07+0900,GBIKE,2803,2803,67.74313235818765,35.0,68.0,0,202
2026-06-14T01:35:06+0900,ALPACA,1368,1368,75.20833333333333,44.0,77.0,0,197
2026-06-14T01:35:06+0900,GBIKE,2803,2803,67.72707813057438,35.0,68.0,0,202
2026-06-14T01:40:07+0900,ALPACA,1368,1368,75.20833333333333,44.0,77.0,0,197
2026-06-14T01:40:07+0900,GBIKE,2803,2803,67.6931858722797,35.0,68.0,0,202
2026-06-14T01:45:09+0900,ALPACA,1368,1368,75.20833333333333,44.0,77.0,0,197
2026-06-14T01:45:09+0900,GBIKE,2803,2803,67.656439529076,35.0,68.0,0,202
2026-06-14T01:50:09+0900,ALPACA,1368,1368,75.20833333333333,44.0,77.0,0,197
2026-06-14T01:50:09+0900,GBIKE,2803,2803,67.59257937923653,35.0,68.0,0,201
2026-06-14T01:55:05+0900,ALPACA,1368,1368,75.20833333333333,44.0,77.0,0,197
2026-06-14T01:55:05+0900,GBIKE,2803,2803,67.56974669996433,35.0,68.0,0,201
2026-06-14T02:00:19+0900,ALPACA,1368,1368,75.20833333333333,44.0,77.0,0,197
2026-06-14T02:00:19+0900,GBIKE,2803,2803,67.5569033178737,35.0,68.0,0,201
2026-06-14T02:05:05+0900,ALPACA,1368,1368,75.20833333333333,44.0,77.0,0,197
2026-06-14T02:05:05+0900,GBIKE,2803,2803,67.52800570816981,35.0,68.0,0,200
2026-06-14T02:10:11+0900,ALPACA,1368,1368,75.20833333333333,44.0,77.0,0,197
2026-06-14T02:10:11+0900,GBIKE,2803,2803,67.51123795932929,35.0,68.0,0,200
2026-06-14T02:15:21+0900,ALPACA,1368,1368,75.20833333333333,44.0,77.0,0,197
2026-06-14T02:15:21+0900,GBIKE,2803,2803,67.49197288619337,34.19999999999999,68.0,0,200
2026-06-14T02:20:16+0900,ALPACA,1368,1368,75.20833333333333,44.0,77.0,0,197
2026-06-14T02:20:16+0900,GBIKE,2803,2803,67.46628612201214,34.19999999999999,68.0,0,200
2026-06-14T02:25:05+0900,ALPACA,1368,1368,75.20833333333333,44.0,77.0,0,197
2026-06-14T02:25:05+0900,GBIKE,2803,2803,67.45023189439885,34.19999999999999,68.0,0,200
2026-06-14T02:30:17+0900,ALPACA,1368,1368,75.20833333333333,44.0,77.0,0,197
2026-06-14T02:30:17+0900,GBIKE,2803,2803,67.41848019978595,34.0,67.0,0,200
2026-06-14T02:35:06+0900,ALPACA,1368,1368,75.20833333333333,44.0,77.0,0,197
2026-06-14T02:35:06+0900,GBIKE,2803,2803,67.40813414199073,34.0,67.0,0,200
2026-06-14T02:40:09+0900,ALPACA,1368,1368,75.20833333333333,44.0,77.0,0,197
2026-06-14T02:40:09+0900,GBIKE,2803,2803,67.39207991437745,34.0,67.0,0,200
2026-06-14T02:45:06+0900,ALPACA,1368,1368,75.20833333333333,44.0,77.0,0,197
2026-06-14T02:45:06+0900,GBIKE,2803,2803,67.36924723510525,34.0,67.0,0,200
2026-06-14T02:50:09+0900,ALPACA,1368,1368,75.20833333333333,44.0,77.0,0,197
2026-06-14T02:50:09+0900,GBIKE,2803,2803,67.34641455583304,34.0,67.0,0,200
2026-06-14T02:55:06+0900,ALPACA,1368,1368,75.20833333333333,44.0,77.0,0,197
2026-06-14T02:55:06+0900,GBIKE,2803,2803,67.32929004637889,34.0,67.0,0,200
2026-06-14T03:00:06+0900,ALPACA,1368,1368,75.20833333333333,44.0,77.0,0,197
2026-06-14T03:00:06+0900,GBIKE,2803,2803,67.31252229753835,34.0,67.0,0,200
2026-06-14T03:05:04+0900,ALPACA,1368,1368,75.20833333333333,44.0,77.0,0,197
2026-06-14T03:05:04+0900,GBIKE,2803,2803,67.30253300035676,34.0,67.0,0,200
2026-06-14T03:10:04+0900,ALPACA,1368,1368,75.20833333333333,44.0,77.0,0,197
2026-06-14T03:10:04+0900,GBIKE,2803,2803,67.29111666072066,34.0,67.0,0,200
2026-06-14T03:15:07+0900,ALPACA,1368,1368,75.20833333333333,44.0,77.0,0,197
2026-06-14T03:15:07+0900,GBIKE,2803,2803,67.27363539065287,34.0,67.0,0,200
2026-06-14T03:20:06+0900,ALPACA,1368,1368,75.20833333333333,44.0,77.0,0,197
2026-06-14T03:20:06+0900,GBIKE,2803,2803,67.25258651444881,34.0,67.0,0,200
2026-06-14T03:25:04+0900,ALPACA,1368,1368,75.20833333333333,44.0,77.0,0,197
2026-06-14T03:25:04+0900,GBIKE,2803,2803,67.24616482340349,34.0,67.0,0,200
2026-06-14T03:30:12+0900,ALPACA,1368,1368,75.20833333333333,44.0,77.0,0,197
2026-06-14T03:30:12+0900,GBIKE,2803,2803,67.23189439885837,34.0,67.0,0,200
2026-06-14T03:35:04+0900,ALPACA,1368,1368,75.20833333333333,44.0,77.0,0,197
2026-06-14T03:35:04+0900,GBIKE,2803,2803,67.21155904388155,34.0,67.0,0,200
2026-06-14T03:40:04+0900,ALPACA,1368,1368,75.20833333333333,44.0,77.0,0,197
2026-06-14T03:40:04+0900,GBIKE,2803,2803,67.17445594006422,34.0,67.0,0,200
2026-06-14T03:45:12+0900,ALPACA,1368,1368,75.20833333333333,44.0,77.0,0,197
2026-06-14T03:45:12+0900,GBIKE,2803,2803,67.16232607920085,34.0,67.0,0,200
2026-06-14T03:50:09+0900,ALPACA,1368,1368,75.20833333333333,44.0,77.0,0,197
2026-06-14T03:50:09+0900,GBIKE,2803,2803,67.14234748483767,34.0,67.0,0,200
2026-06-14T03:55:03+0900,ALPACA,1368,1368,75.20833333333333,44.0,77.0,0,197
2026-06-14T03:55:03+0900,GBIKE,2803,2803,67.09204423831609,34.0,67.0,0,200
2026-06-14T04:00:21+0900,ALPACA,1368,1368,75.20833333333333,44.0,77.0,0,197
2026-06-14T04:00:21+0900,GBIKE,2803,2803,67.06136282554407,34.0,67.0,0,200
2026-06-14T04:05:08+0900,ALPACA,1368,1368,75.20833333333333,44.0,77.0,0,197
2026-06-14T04:05:08+0900,GBIKE,2803,2803,67.04102747056724,34.0,67.0,0,201
2026-06-14T04:10:12+0900,ALPACA,1368,1368,75.20833333333333,44.0,77.0,0,197
2026-06-14T04:10:12+0900,GBIKE,2803,2803,67.02354620049947,34.0,67.0,0,201
2026-06-14T04:15:12+0900,ALPACA,1368,1368,75.20833333333333,44.0,77.0,0,197
2026-06-14T04:15:12+0900,GBIKE,2803,2803,67.01284338209062,34.0,67.0,0,201
2026-06-14T04:20:13+0900,ALPACA,1368,1368,75.20833333333333,44.0,77.0,0,197
2026-06-14T04:20:13+0900,GBIKE,2803,2803,67.00142704245451,34.0,67.0,0,201
2026-06-14T04:25:04+0900,ALPACA,1368,1368,75.20833333333333,44.0,77.0,0,197
2026-06-14T04:25:04+0900,GBIKE,2803,2803,66.98465929361399,34.0,67.0,0,201
2026-06-14T04:30:12+0900,ALPACA,1368,1368,75.20833333333333,44.0,77.0,0,197
2026-06-14T04:30:12+0900,GBIKE,2803,2803,66.95825900820549,34.0,67.0,0,201
2026-06-14T04:35:07+0900,ALPACA,1368,1368,75.20833333333333,44.0,77.0,0,197
2026-06-14T04:35:07+0900,GBIKE,2803,2803,66.94862647163752,34.0,67.0,0,201
2026-06-14T04:40:04+0900,ALPACA,1368,1368,75.20833333333333,44.0,77.0,0,197
2026-06-14T04:40:04+0900,GBIKE,2803,2803,66.93471280770603,34.0,67.0,0,201
2026-06-14T04:45:11+0900,ALPACA,1368,1368,75.20833333333333,44.0,77.0,0,197
2026-06-14T04:45:11+0900,GBIKE,2803,2803,66.92900463788797,34.0,67.0,0,201
2026-06-14T04:50:10+0900,ALPACA,1368,1368,75.20833333333333,44.0,77.0,0,197
2026-06-14T04:50:10+0900,GBIKE,2803,2803,66.90902604352479,34.0,67.0,0,201
2026-06-14T04:55:08+0900,ALPACA,1368,1368,75.20833333333333,44.0,77.0,0,197
2026-06-14T04:55:08+0900,GBIKE,2803,2803,66.8990367463432,34.0,67.0,0,201
2026-06-14T05:00:15+0900,ALPACA,1368,1368,75.20833333333333,44.0,77.0,0,197
2026-06-14T05:00:15+0900,GBIKE,2803,2803,66.86906885479843,34.0,67.0,0,200
2026-06-14T05:05:09+0900,ALPACA,1368,1368,75.20833333333333,44.0,77.0,0,197
2026-06-14T05:05:09+0900,GBIKE,2803,2803,66.83232251159473,34.0,67.0,0,200
2026-06-14T05:10:05+0900,ALPACA,1368,1368,75.20833333333333,44.0,77.0,0,197
2026-06-14T05:10:05+0900,GBIKE,2803,2803,66.8259008205494,34.0,67.0,0,200
2026-06-14T05:15:11+0900,ALPACA,1368,1368,75.20833333333333,44.0,77.0,0,197
2026-06-14T05:15:11+0900,GBIKE,2804,2804,66.81134094151213,34.0,67.0,0,200
2026-06-14T05:20:13+0900,ALPACA,1368,1368,75.20833333333333,44.0,77.0,0,197
2026-06-14T05:20:13+0900,GBIKE,2804,2804,66.80385164051356,34.0,67.0,0,200
2026-06-14T05:25:07+0900,ALPACA,1368,1368,75.20833333333333,44.0,77.0,0,197
2026-06-14T05:25:07+0900,GBIKE,2804,2804,66.7867332382311,34.0,67.0,0,200
2026-06-14T05:30:14+0900,ALPACA,1368,1368,75.20833333333333,44.0,77.0,0,197
2026-06-14T05:30:14+0900,GBIKE,2804,2804,66.77960057061341,34.0,67.0,0,200
2026-06-14T05:35:08+0900,ALPACA,1368,1368,75.20833333333333,44.0,77.0,0,197
2026-06-14T05:35:08+0900,GBIKE,2804,2804,66.7660485021398,34.0,67.0,0,200
2026-06-14T05:40:05+0900,ALPACA,1368,1368,75.20833333333333,44.0,77.0,0,197
2026-06-14T05:40:05+0900,GBIKE,2804,2804,66.75534950071327,34.0,67.0,0,200
2026-06-14T05:45:16+0900,ALPACA,1368,1368,75.20833333333333,44.0,77.0,0,197
2026-06-14T05:45:16+0900,GBIKE,2804,2804,66.74714693295293,34.0,67.0,0,200
2026-06-14T05:50:08+0900,ALPACA,1368,1368,75.20833333333333,44.0,77.0,0,197
2026-06-14T05:50:08+0900,GBIKE,2804,2804,66.73252496433666,34.0,66.5,0,200
2026-06-14T05:55:06+0900,ALPACA,1368,1368,75.20833333333333,44.0,77.0,0,197
2026-06-14T05:55:06+0900,GBIKE,2804,2804,66.72646219686163,34.0,66.0,0,200
2026-06-14T06:00:14+0900,ALPACA,1368,1368,75.20833333333333,44.0,77.0,0,197
2026-06-14T06:00:14+0900,GBIKE,2804,2804,66.71362339514978,34.0,66.0,0,200
2026-06-14T06:05:08+0900,ALPACA,1368,1368,75.20833333333333,44.0,77.0,0,197
2026-06-14T06:05:08+0900,GBIKE,2804,2804,66.70720399429386,34.0,66.0,0,200
2026-06-14T06:10:16+0900,ALPACA,1368,1368,75.20833333333333,44.0,77.0,0,197
2026-06-14T06:10:16+0900,GBIKE,2804,2804,66.69579172610557,34.0,66.0,0,200
2026-06-14T06:15:11+0900,ALPACA,1368,1368,75.20833333333333,44.0,77.0,0,197
2026-06-14T06:15:11+0900,GBIKE,2804,2804,66.67938659058488,34.0,66.0,0,200
2026-06-14T06:20:09+0900,ALPACA,1368,1368,75.20833333333333,44.0,77.0,0,197
2026-06-14T06:20:09+0900,GBIKE,2804,2804,66.66940085592012,34.0,66.0,0,200
2026-06-14T06:25:05+0900,ALPACA,1368,1368,75.20833333333333,44.0,77.0,0,197
2026-06-14T06:25:05+0900,GBIKE,2804,2804,66.65477888730385,34.0,66.0,0,200
2026-06-14T06:30:16+0900,ALPACA,1368,1368,75.20833333333333,44.0,77.0,0,197
2026-06-14T06:30:16+0900,GBIKE,2804,2804,66.6833095577746,34.0,66.0,0,201
2026-06-14T06:35:08+0900,ALPACA,1368,1368,75.20833333333333,44.0,77.0,0,197
2026-06-14T06:35:08+0900,GBIKE,2804,2804,66.76105563480742,34.0,66.5,0,200
2026-06-14T06:40:08+0900,ALPACA,1368,1368,75.20833333333333,44.0,77.0,0,197
2026-06-14T06:40:08+0900,GBIKE,2804,2804,66.7981455064194,34.0,67.0,0,200
2026-06-14T06:45:11+0900,ALPACA,1368,1368,75.20833333333333,44.0,77.0,0,197
2026-06-14T06:45:11+0900,GBIKE,2804,2804,66.83666191155493,34.0,67.0,0,200
2026-06-14T06:50:08+0900,ALPACA,1368,1368,75.20833333333333,44.0,77.0,0,197
2026-06-14T06:50:08+0900,GBIKE,2804,2804,66.93616262482168,34.0,67.0,0,200
2026-06-14T06:55:08+0900,ALPACA,1368,1368,75.20833333333333,44.0,77.0,0,197
2026-06-14T06:55:08+0900,GBIKE,2804,2804,67.0456490727532,34.0,67.0,0,200
2026-06-14T07:00:20+0900,ALPACA,1368,1368,75.20833333333333,44.0,77.0,0,197
2026-06-14T07:00:20+0900,GBIKE,2804,2804,67.12482168330956,34.0,67.0,0,200
2026-06-14T07:05:07+0900,ALPACA,1368,1368,75.20833333333333,44.0,77.0,0,197
2026-06-14T07:05:07+0900,GBIKE,2804,2804,67.16797432239657,34.0,67.0,0,200
2026-06-14T07:10:18+0900,ALPACA,1368,1368,75.20833333333333,44.0,77.0,0,197
2026-06-14T07:10:18+0900,GBIKE,2804,2804,67.21469329529243,34.0,67.0,0,199
2026-06-14T07:15:11+0900,ALPACA,1368,1368,75.20833333333333,44.0,77.0,0,197
2026-06-14T07:15:11+0900,GBIKE,2804,2804,67.2524964336662,34.0,67.0,0,199
2026-06-14T07:20:12+0900,ALPACA,1368,1368,75.20833333333333,44.0,77.0,0,197
2026-06-14T07:20:12+0900,GBIKE,2804,2804,67.35734664764622,34.0,67.5,0,199
2026-06-14T07:25:06+0900,ALPACA,1368,1368,75.20833333333333,44.0,77.0,0,197
2026-06-14T07:25:06+0900,GBIKE,2804,2804,67.47895863052781,35.0,68.0,0,199
2026-06-14T07:30:17+0900,ALPACA,1368,1368,75.20833333333333,44.0,77.0,0,197
2026-06-14T07:30:17+0900,GBIKE,2804,2804,67.57417974322397,35.0,68.0,0,200
2026-06-14T07:35:04+0900,ALPACA,1368,1368,75.20833333333333,44.0,77.0,0,197
2026-06-14T07:35:04+0900,GBIKE,2804,2804,67.65941512125535,35.0,68.0,0,200
2026-06-14T07:40:13+0900,ALPACA,1368,1368,75.20833333333333,44.0,77.0,0,197
2026-06-14T07:40:13+0900,GBIKE,2804,2804,67.69436519258203,35.0,68.0,0,200
2026-06-14T07:45:05+0900,ALPACA,1368,1368,75.20833333333333,44.0,77.0,0,197
2026-06-14T07:45:05+0900,GBIKE,2804,2804,67.77211126961484,35.0,69.0,0,200
2026-06-14T07:50:12+0900,ALPACA,1368,1368,75.20833333333333,44.0,77.0,0,197
2026-06-14T07:50:12+0900,GBIKE,2804,2804,67.78958630527818,35.0,69.0,0,200
2026-06-14T07:55:05+0900,ALPACA,1368,1368,75.20833333333333,44.0,77.0,0,197
2026-06-14T07:55:05+0900,GBIKE,2804,2804,67.7706847360913,35.0,69.0,0,200
2026-06-14T08:00:28+0900,ALPACA,1368,1368,75.20833333333333,44.0,77.0,0,197
2026-06-14T08:00:28+0900,GBIKE,2804,2804,67.7867332382311,35.0,69.0,0,200
2026-06-14T08:05:10+0900,ALPACA,1368,1368,75.20833333333333,44.0,77.0,0,197
2026-06-14T08:05:10+0900,GBIKE,2804,2804,67.77460770328102,35.0,69.0,0,200
2026-06-14T08:10:17+0900,ALPACA,1368,1368,75.20833333333333,44.0,77.0,0,197
2026-06-14T08:10:17+0900,GBIKE,2804,2804,67.76176890156918,35.0,69.0,0,199
2026-06-14T08:15:06+0900,ALPACA,1368,1368,75.20833333333333,44.0,77.0,0,197
2026-06-14T08:15:06+0900,GBIKE,2804,2804,67.74893009985735,35.0,69.0,0,199
2026-06-14T08:20:16+0900,ALPACA,1368,1368,75.20833333333333,44.0,77.0,0,197
2026-06-14T08:20:16+0900,GBIKE,2804,2804,67.79743223965764,35.0,69.0,0,199
2026-06-14T08:25:13+0900,ALPACA,1368,1368,75.20833333333333,44.0,77.0,0,197
2026-06-14T08:25:13+0900,GBIKE,2804,2804,67.84771754636233,35.0,69.0,0,199
2026-06-14T08:30:21+0900,ALPACA,1368,1368,75.20833333333333,44.0,77.0,0,197
2026-06-14T08:30:21+0900,GBIKE,2804,2804,67.8901569186876,35.0,69.0,0,198
2026-06-14T08:35:14+0900,ALPACA,1368,1368,75.20833333333333,44.0,77.0,0,197
2026-06-14T08:35:14+0900,GBIKE,2804,2804,67.91797432239657,35.0,69.0,0,198
2026-06-14T08:40:08+0900,ALPACA,1368,1368,75.20833333333333,44.0,77.0,0,197
2026-06-14T08:40:08+0900,GBIKE,2804,2804,67.99393723252497,35.0,69.0,0,198
2026-06-14T08:45:05+0900,ALPACA,1368,1368,75.20833333333333,44.0,77.0,0,197
2026-06-14T08:45:05+0900,GBIKE,2804,2804,68.00962910128388,35.0,69.0,0,198
2026-06-14T08:50:17+0900,ALPACA,1368,1368,75.20833333333333,44.0,77.0,0,197
2026-06-14T08:50:17+0900,GBIKE,2804,2804,68.04029957203994,35.0,69.0,0,198
2026-06-14T08:55:11+0900,ALPACA,1368,1368,75.20833333333333,44.0,77.0,0,197
2026-06-14T08:55:11+0900,GBIKE,2804,2804,68.06526390870185,35.0,69.0,0,198
2026-06-14T09:00:22+0900,ALPACA,1368,1368,75.20833333333333,44.0,77.0,0,197
2026-06-14T09:00:22+0900,GBIKE,2804,2804,68.09450784593437,35.0,69.0,0,198
2026-06-14T09:05:03+0900,ALPACA,1368,1368,75.20833333333333,44.0,77.0,0,197
2026-06-14T09:05:03+0900,GBIKE,2804,2804,68.14407988587732,35.0,69.0,0,198
2026-06-14T09:10:06+0900,ALPACA,1368,1368,75.20833333333333,44.0,77.0,0,197
2026-06-14T09:10:06+0900,GBIKE,2804,2804,68.17296718972896,35.0,69.0,0,198
2026-06-14T09:15:13+0900,ALPACA,1368,1368,75.20833333333333,44.0,77.0,0,197
2026-06-14T09:15:13+0900,GBIKE,2804,2804,68.16155492154066,35.0,69.0,0,198
2026-06-14T09:20:14+0900,ALPACA,1368,1368,75.20833333333333,44.0,77.0,0,197
2026-06-14T09:20:14+0900,GBIKE,2804,2804,68.15335235378032,35.0,69.0,0,198
2026-06-14T09:25:04+0900,ALPACA,1368,1368,75.20833333333333,44.0,77.0,0,197
2026-06-14T09:25:04+0900,GBIKE,2804,2804,68.17439372325249,35.0,69.0,0,198
2026-06-14T09:30:12+0900,ALPACA,1368,1368,75.20833333333333,44.0,77.0,0,197
2026-06-14T09:30:12+0900,GBIKE,2804,2804,68.18616262482168,35.0,69.0,0,198
2026-06-14T09:35:09+0900,ALPACA,1368,1368,75.20833333333333,44.0,77.0,0,197
2026-06-14T09:35:09+0900,GBIKE,2803,2803,68.21726721369961,35.0,69.0,0,198
2026-06-14T09:40:06+0900,ALPACA,1368,1368,75.20833333333333,44.0,77.0,0,197
2026-06-14T09:40:06+0900,GBIKE,2804,2804,68.23216833095577,35.0,69.0,0,199
2026-06-14T09:45:09+0900,ALPACA,1368,1368,75.20833333333333,44.0,77.0,0,197
2026-06-14T09:45:09+0900,GBIKE,2804,2804,68.26319543509273,35.0,69.0,0,199
2026-06-14T09:50:13+0900,ALPACA,1368,1368,75.20833333333333,44.0,77.0,0,197
2026-06-14T09:50:13+0900,GBIKE,2804,2804,68.24358059914408,35.0,69.0,0,200
2026-06-14T09:55:05+0900,ALPACA,1368,1368,75.20833333333333,44.0,77.0,0,197
2026-06-14T09:55:05+0900,GBIKE,2804,2804,68.23288159771755,35.0,69.0,0,200
2026-06-14T10:00:11+0900,ALPACA,1368,1368,75.20833333333333,44.0,77.0,0,197
2026-06-14T10:00:11+0900,GBIKE,2804,2804,68.19079885877318,35.0,69.0,0,200
2026-06-14T10:05:03+0900,ALPACA,1368,1368,75.20833333333333,44.0,77.0,0,197
2026-06-14T10:05:03+0900,GBIKE,2804,2804,68.1833095577746,35.0,69.0,0,200
2026-06-14T10:10:12+0900,ALPACA,1368,1368,75.20833333333333,44.0,77.0,0,197
2026-06-14T10:10:12+0900,GBIKE,2804,2804,68.2064907275321,35.0,69.0,0,200
2026-06-14T10:15:10+0900,ALPACA,1368,1368,75.20833333333333,44.0,77.0,0,197
2026-06-14T10:15:10+0900,GBIKE,2804,2804,68.27353780313837,35.0,69.0,0,200
2026-06-14T10:20:10+0900,ALPACA,1368,1368,75.20833333333333,44.0,77.0,0,197
2026-06-14T10:20:10+0900,GBIKE,2804,2804,68.3006419400856,35.0,69.0,0,200
2026-06-14T10:25:04+0900,ALPACA,1368,1368,75.20833333333333,44.0,77.0,0,197
2026-06-14T10:25:04+0900,GBIKE,2804,2804,68.33059914407988,35.0,69.0,0,200
2026-06-14T10:30:16+0900,ALPACA,1368,1368,75.20833333333333,44.0,77.0,0,197
2026-06-14T10:30:16+0900,GBIKE,2804,2804,68.30884450784593,35.0,69.0,0,200
2026-06-14T10:35:06+0900,ALPACA,1368,1368,75.20833333333333,44.0,77.0,0,197
2026-06-14T10:35:06+0900,GBIKE,2804,2804,68.37268188302426,35.0,69.0,0,199
2026-06-14T10:40:13+0900,ALPACA,1368,1368,75.20833333333333,44.0,77.0,0,197
2026-06-14T10:40:13+0900,GBIKE,2804,2804,68.3901569186876,35.0,69.0,0,199
2026-06-14T10:45:05+0900,ALPACA,1368,1368,75.20833333333333,44.0,77.0,0,197
2026-06-14T10:45:05+0900,GBIKE,2804,2804,68.44293865905848,35.0,70.0,0,199
2026-06-14T10:50:16+0900,ALPACA,1368,1368,75.20833333333333,44.0,77.0,0,197
2026-06-14T10:50:16+0900,GBIKE,2804,2804,68.50641940085592,35.0,70.0,0,199
2026-06-14T10:55:04+0900,ALPACA,1368,1368,75.20833333333333,44.0,77.0,0,197
2026-06-14T10:55:04+0900,GBIKE,2804,2804,68.53102710413695,35.0,70.0,0,198
2026-06-14T11:00:13+0900,ALPACA,1368,1368,75.20833333333333,44.0,77.0,0,197
2026-06-14T11:00:13+0900,GBIKE,2804,2804,68.53423680456491,35.0,70.0,0,198
2026-06-14T11:05:05+0900,ALPACA,1368,1368,75.20833333333333,44.0,77.0,0,197
2026-06-14T11:05:05+0900,GBIKE,2804,2804,68.50606276747503,35.0,70.0,0,198
2026-06-14T11:10:19+0900,ALPACA,1368,1368,75.20833333333333,44.0,77.0,0,197
2026-06-14T11:10:19+0900,GBIKE,2804,2804,68.49215406562054,35.0,70.0,0,198
2026-06-14T11:15:13+0900,ALPACA,1368,1368,75.20833333333333,44.0,77.0,0,197
2026-06-14T11:15:13+0900,GBIKE,2804,2804,68.4953637660485,35.0,70.0,0,199
2026-06-14T11:20:12+0900,ALPACA,1368,1368,75.20833333333333,44.0,77.0,0,197
2026-06-14T11:20:12+0900,GBIKE,2804,2804,68.47646219686163,35.0,70.0,0,199
2026-06-14T11:25:05+0900,ALPACA,1368,1368,75.20833333333333,44.0,77.0,0,197
2026-06-14T11:25:05+0900,GBIKE,2804,2804,68.50962910128388,35.0,70.0,0,200
2026-06-14T11:30:25+0900,ALPACA,1368,1368,75.20833333333333,44.0,77.0,0,197
2026-06-14T11:30:25+0900,GBIKE,2804,2804,68.59807417974322,35.0,70.0,0,198
2026-06-14T11:35:09+0900,ALPACA,1368,1368,75.20833333333333,44.0,77.0,0,197
2026-06-14T11:35:09+0900,GBIKE,2804,2804,68.62446504992867,35.0,70.0,0,198
2026-06-14T11:40:09+0900,ALPACA,1368,1368,75.20833333333333,44.0,77.0,0,197
2026-06-14T11:40:09+0900,GBIKE,2804,2804,68.65656205420828,35.0,70.0,0,198
2026-06-14T11:45:07+0900,ALPACA,1368,1368,75.20833333333333,44.0,77.0,0,197
2026-06-14T11:45:07+0900,GBIKE,2804,2804,68.65442225392297,35.0,70.0,0,198
2026-06-14T11:50:05+0900,ALPACA,1368,1368,75.20833333333333,44.0,77.0,0,197
2026-06-14T11:50:05+0900,GBIKE,2804,2804,68.70149786019971,35.0,70.0,0,199
2026-06-14T11:55:13+0900,ALPACA,1368,1368,75.20833333333333,44.0,77.0,0,197
2026-06-14T11:55:13+0900,GBIKE,2804,2804,68.69650499286733,35.0,70.0,0,199
2026-06-14T12:00:33+0900,ALPACA,1368,1368,75.20833333333333,44.0,77.0,0,197
2026-06-14T12:00:33+0900,GBIKE,2804,2804,68.68223965763195,35.0,70.0,0,199
2026-06-14T12:05:09+0900,ALPACA,1368,1368,75.20833333333333,44.0,77.0,0,197
2026-06-14T12:05:09+0900,GBIKE,2804,2804,68.66119828815977,35.0,70.0,0,199
2026-06-14T12:10:16+0900,ALPACA,1368,1368,75.20833333333333,44.0,77.0,0,197
2026-06-14T12:10:16+0900,GBIKE,2804,2804,68.64336661911555,35.0,70.0,0,199
2026-06-14T12:15:17+0900,ALPACA,1368,1368,75.20833333333333,44.0,77.0,0,197
2026-06-14T12:15:17+0900,GBIKE,2804,2804,68.62553495007133,35.0,70.0,0,199
2026-06-14T12:20:04+0900,ALPACA,1368,1368,75.20833333333333,44.0,77.0,0,197
2026-06-14T12:20:04+0900,GBIKE,2804,2804,68.60877318116975,35.0,70.0,0,199
2026-06-14T12:25:09+0900,ALPACA,1368,1368,75.20833333333333,44.0,77.0,0,197
2026-06-14T12:25:09+0900,GBIKE,2804,2804,68.58594864479315,35.0,70.0,0,199
2026-06-14T12:30:11+0900,ALPACA,1368,1368,75.20833333333333,44.0,77.0,0,197
2026-06-14T12:30:11+0900,GBIKE,2804,2804,68.56241084165478,35.0,70.0,0,199
2026-06-14T12:35:03+0900,ALPACA,1368,1368,75.20833333333333,44.0,77.0,0,197
2026-06-14T12:35:03+0900,GBIKE,2804,2804,68.54457917261055,35.0,70.0,0,199
2026-06-14T12:40:04+0900,ALPACA,1368,1368,75.20833333333333,44.0,77.0,0,197
2026-06-14T12:40:04+0900,GBIKE,2804,2804,68.51997146932953,35.0,70.0,0,199
2026-06-14T12:45:11+0900,ALPACA,1368,1368,75.20833333333333,44.0,77.0,0,197
2026-06-14T12:45:11+0900,GBIKE,2804,2804,68.50106990014265,35.0,70.0,0,199
2026-06-14T12:50:04+0900,ALPACA,1368,1368,75.20833333333333,44.0,77.0,0,197
2026-06-14T12:50:04+0900,GBIKE,2804,2804,68.47610556348074,35.0,70.0,0,199
2026-06-14T12:55:04+0900,ALPACA,1368,1368,75.20833333333333,44.0,77.0,0,197
2026-06-14T12:55:04+0900,GBIKE,2804,2804,68.45149786019971,35.0,70.0,0,199
2026-06-14T13:00:14+0900,ALPACA,1368,1368,75.20833333333333,44.0,77.0,0,197
2026-06-14T13:00:14+0900,GBIKE,2803,2803,68.40849090260436,35.0,70.0,0,199
2026-06-14T13:05:05+0900,ALPACA,1368,1368,75.20833333333333,44.0,77.0,0,197
2026-06-14T13:05:05+0900,GBIKE,2804,2804,68.38159771754636,34.30000000000001,70.0,0,199
2026-06-14T13:10:09+0900,ALPACA,1368,1368,75.20833333333333,44.0,77.0,0,197
2026-06-14T13:10:09+0900,GBIKE,2804,2804,68.35128388017118,34.0,69.5,0,199
2026-06-14T13:15:08+0900,ALPACA,1368,1368,75.20833333333333,44.0,77.0,0,197
2026-06-14T13:15:08+0900,GBIKE,2804,2804,68.3188302425107,34.0,69.0,0,199
2026-06-14T13:20:09+0900,ALPACA,1368,1368,75.20833333333333,44.0,77.0,0,197
2026-06-14T13:20:09+0900,GBIKE,2804,2804,68.30206847360913,34.0,69.0,0,199
2026-06-14T13:25:05+0900,ALPACA,1368,1368,75.20833333333333,44.0,77.0,0,197
2026-06-14T13:25:05+0900,GBIKE,2804,2804,68.27710413694722,34.0,69.0,0,199
2026-06-14T13:30:14+0900,ALPACA,1368,1368,75.20833333333333,44.0,77.0,0,197
2026-06-14T13:30:14+0900,GBIKE,2804,2804,68.26105563480742,34.0,69.0,0,199
2026-06-14T13:35:04+0900,ALPACA,1368,1368,75.20833333333333,44.0,77.0,0,197
2026-06-14T13:35:04+0900,GBIKE,2804,2804,68.24286733238232,34.0,69.0,0,200
2026-06-14T13:40:05+0900,ALPACA,1368,1368,75.20833333333333,44.0,77.0,0,197
2026-06-14T13:40:05+0900,GBIKE,2804,2804,68.2293152639087,34.0,69.0,0,201
2026-06-14T13:45:10+0900,ALPACA,1368,1368,75.20833333333333,44.0,77.0,0,197
2026-06-14T13:45:10+0900,GBIKE,2804,2804,68.20577746077034,34.0,69.0,0,201
2026-06-14T13:50:13+0900,ALPACA,1368,1368,75.20833333333333,44.0,77.0,0,197
2026-06-14T13:50:13+0900,GBIKE,2804,2804,68.17617689015692,34.0,69.0,0,201
2026-06-14T13:55:08+0900,ALPACA,1368,1368,75.20833333333333,44.0,77.0,0,197
2026-06-14T13:55:08+0900,GBIKE,2804,2804,68.14728958630528,34.0,69.0,0,201
2026-06-14T14:00:11+0900,ALPACA,1368,1368,75.20833333333333,44.0,77.0,0,197
2026-06-14T14:00:11+0900,GBIKE,2804,2804,68.12553495007133,34.0,69.0,0,201
