scenario_day,dong_id,gcoo_count_is,competitor_count_is,total_pm_count_is
2025-10-01,11010530,1.731818152177532,0.0,1.731818152177532
2025-10-01,11010540,0.7658794483127248,0.0,0.7658794483127248
2025-10-01,11010550,0.0689227231984973,0.0,0.0689227231984973
2025-10-01,11010560,0.15687319206529135,0.0,0.15687319206529135
2025-10-01,11010570,0.9013965905579443,0.0,0.9013965905579443
2025-10-01,11010580,0.2819066230456328,0.0,0.2819066230456328
2025-10-01,11010600,0.43077970515438685,0.0,0.43077970515438685
2025-10-01,11010610,1.57689270935065,0.0,1.57689270935065
2025-10-01,11010630,0.8138801080519482,0.0,0.8138801080519482
2025-10-01,11010640,0.9805377897786705,0.0,0.9805377897786705
2025-10-01,11010670,0.30520504051948066,0.0,0.30520504051948066
2025-10-01,11010680,0.0,0.0,0.0
2025-10-01,11010690,0.20347002701298705,0.0,0.20347002701298705
2025-10-01,11010700,0.5086750675324677,0.0,0.5086750675324677
2025-10-01,11010710,0.8138801080519482,0.0,0.8138801080519482
2025-10-01,11010720,0.15260252025974033,0.0,0.15260252025974033
2025-10-01,11010730,0.9695101540669109,0.0,0.9695101540669109
2025-10-01,11020520,1.3466654435401113,0.0,1.3466654435401113
2025-10-01,11020540,0.8196645427351106,0.0,0.8196645427351106
2025-10-01,11020550,1.2827153045429287,0.0,1.2827153045429287
2025-10-01,11020570,0.2395804599034881,0.0,0.2395804599034881
2025-10-01,11020580,0.9879459254255273,0.0,0.9879459254255273
2025-10-01,11020590,0.6958742578050979,0.0,0.6958742578050979
2025-10-01,11020600,0.6612775877922079,0.0,0.6612775877922079
2025-10-01,11020650,0.05086750675324676,0.0,0.05086750675324676
2025-10-01,11020670,0.7818796682257994,0.0,0.7818796682257994
2025-10-01,11020680,1.861344821927908,0.0,1.861344821927908
2025-10-01,11020690,3.6671201697285367,0.0,3.6671201697285367
2025-10-01,11020700,0.10173501350649353,0.0,0.10173501350649353
2025-10-01,11020710,0.05086750675324676,0.0,0.05086750675324676
2025-10-01,11020720,0.0,0.0,0.0
2025-10-01,11020730,0.0,0.0,0.0
2025-10-01,11030510,1.6952283738557508,0.0,1.6952283738557508
2025-10-01,11030520,0.15260252025974033,0.0,0.15260252025974033
2025-10-01,11030530,0.6780896581871297,0.0,0.6780896581871297
2025-10-01,11030570,0.7121450945454547,0.0,0.7121450945454547
2025-10-01,11030580,3.27093713458704,0.0,3.27093713458704
2025-10-01,11030590,1.2542809333342504,0.0,1.2542809333342504
2025-10-01,11030630,0.10173501350649353,0.0,0.10173501350649353
2025-10-01,11030640,0.35607254727272736,0.0,0.35607254727272736
2025-10-01,11030650,0.0,0.0,0.0
2025-10-01,11030660,0.0,0.0,0.0
2025-10-01,11030690,0.5811665501407522,0.0,0.5811665501407522
2025-10-01,11030700,1.01178557655394,0.0,1.01178557655394
2025-10-01,11030710,2.19271512693526,0.0,2.19271512693526
2025-10-01,11030720,0.20347002701298705,0.0,0.20347002701298705
2025-10-01,11030730,1.119085148571429,0.0,1.119085148571429
2025-10-01,11030740,3.168931504253264,0.0,3.168931504253264
2025-10-01,11040520,0.25433753376623386,0.0,0.25433753376623386
2025-10-01,11040540,2.3459096215046804,0.0,2.3459096215046804
2025-10-01,11040550,2.0595716479122976,0.0,2.0595716479122976
2025-10-01,11040560,0.35607254727272736,0.0,0.35607254727272736
2025-10-01,11040570,0.05086750675324676,0.0,0.05086750675324676
2025-10-01,11040580,0.13757482956971215,0.0,0.13757482956971215
2025-10-01,11040590,0.0,0.0,0.0
2025-10-01,11040620,0.0,0.0,0.0
2025-10-01,11040650,0.864747614805195,0.0,0.864747614805195
2025-10-01,11040660,0.8138801080519482,0.0,0.8138801080519482
2025-10-01,11040670,0.20347002701298705,0.0,0.20347002701298705
2025-10-01,11040680,2.238170297142858,0.0,2.238170297142858
2025-10-01,11040690,1.317582591383101,0.0,1.317582591383101
2025-10-01,11040700,2.098329051644655,0.0,2.098329051644655
2025-10-01,11040710,0.9156151215584418,0.0,0.9156151215584418
2025-10-01,11040720,0.0,0.0,0.0
2025-10-01,11040730,0.42774948860684786,0.0,0.42774948860684786
2025-10-01,11050530,4.10773510519947,0.0,4.10773510519947
2025-10-01,11050540,5.714471776533862,0.0,5.714471776533862
2025-10-01,11050550,0.10173501350649353,0.0,0.10173501350649353
2025-10-01,11050560,0.0,0.0,0.0
2025-10-01,11050570,0.20347002701298705,0.0,0.20347002701298705
2025-10-01,11050580,0.0,0.0,0.0
2025-10-01,11050590,3.840314939189301,0.0,3.840314939189301
2025-10-01,11050600,0.7630126012987014,0.0,0.7630126012987014
2025-10-01,11050610,0.7630126012987014,0.0,0.7630126012987014
2025-10-01,11050620,0.864747614805195,0.0,0.864747614805195
2025-10-01,11050630,1.382183902120932,0.0,1.382183902120932
2025-10-01,11050640,1.72949522961039,0.0,1.72949522961039
2025-10-01,11050650,2.5942428444155854,0.0,2.5942428444155854
2025-10-01,11050660,1.9838327633766242,0.0,1.9838327633766242
2025-10-01,11050670,1.0682176418181821,0.0,1.0682176418181821
2025-10-01,11060710,3.1729315592315324,0.0,3.1729315592315324
2025-10-01,11060720,0.05086750675324676,0.0,0.05086750675324676
2025-10-01,11060730,0.4578075607792209,0.0,0.4578075607792209
2025-10-01,11060800,1.5740850597675946,0.0,1.5740850597675946
2025-10-01,11060810,2.848580378181819,0.0,2.848580378181819
2025-10-01,11060820,1.0741120145874279,0.0,1.0741120145874279
2025-10-01,11060830,0.5595425742857145,0.0,0.5595425742857145
2025-10-01,11060840,0.4578075607792209,0.0,0.4578075607792209
2025-10-01,11060860,0.5595425742857145,0.0,0.5595425742857145
2025-10-01,11060870,1.3225551755844158,0.0,1.3225551755844158
2025-10-01,11060880,0.6104100810389613,0.0,0.6104100810389613
2025-10-01,11060890,0.25433753376623386,0.0,0.25433753376623386
2025-10-01,11060900,0.25433753376623386,0.0,0.25433753376623386
2025-10-01,11060910,0.864747614805195,0.0,0.864747614805195
2025-10-01,11070520,0.25433753376623386,0.0,0.25433753376623386
2025-10-01,11070540,0.05086750675324676,0.0,0.05086750675324676
2025-10-01,11070550,0.35607254727272736,0.0,0.35607254727272736
2025-10-01,11070570,0.20347002701298705,0.0,0.20347002701298705
2025-10-01,11070590,0.4578075607792209,0.0,0.4578075607792209
2025-10-01,11070600,1.1699526553246755,0.0,1.1699526553246755
2025-10-01,11070610,0.4069400540259741,0.0,0.4069400540259741
2025-10-01,11070620,0.5595425742857145,0.0,0.5595425742857145
2025-10-01,11070640,0.6104100810389613,0.0,0.6104100810389613
2025-10-01,11070650,0.5595425742857145,0.0,0.5595425742857145
2025-10-01,11070680,0.10173501350649353,0.0,0.10173501350649353
2025-10-01,11070690,1.3734226823376627,0.0,1.3734226823376627
2025-10-01,11070700,0.4578075607792209,0.0,0.4578075607792209
2025-10-01,11070710,0.7121450945454547,0.0,0.7121450945454547
2025-10-01,11070720,0.8138801080519482,0.0,0.8138801080519482
2025-10-01,11070730,1.5260252025974028,0.0,1.5260252025974028
2025-10-01,11080580,0.05086750675324676,0.0,0.05086750675324676
2025-10-01,11080590,0.0,0.0,0.0
2025-10-01,11080600,2.814042905599897,0.0,2.814042905599897
2025-10-01,11080610,1.1150343529380449,0.0,1.1150343529380449
2025-10-01,11080620,0.05086750675324676,0.0,0.05086750675324676
2025-10-01,11080630,0.0,0.0,0.0
2025-10-01,11080640,0.05086750675324676,0.0,0.05086750675324676
2025-10-01,11080650,0.05086750675324676,0.0,0.05086750675324676
2025-10-01,11080660,0.15260252025974033,0.0,0.15260252025974033
2025-10-01,11080680,0.20347002701298705,0.0,0.20347002701298705
2025-10-01,11080710,0.5595425742857145,0.0,0.5595425742857145
2025-10-01,11080720,0.5595425742857145,0.0,0.5595425742857145
2025-10-01,11080760,0.05086750675324676,0.0,0.05086750675324676
2025-10-01,11080770,0.0,0.0,0.0
2025-10-01,11080780,0.25433753376623386,0.0,0.25433753376623386
2025-10-01,11080810,0.6571168540727403,0.0,0.6571168540727403
2025-10-01,11080820,1.4229963023854653,0.0,1.4229963023854653
2025-10-01,11080830,0.7220395222929691,0.0,0.7220395222929691
2025-10-01,11080840,2.600625019391964,0.0,2.600625019391964
2025-10-01,11080850,3.3502336309643317,0.0,3.3502336309643317
2025-10-01,11090600,0.4069400540259741,13.457377507210072,13.864317561236046
2025-10-01,11090610,0.15260252025974033,5.046516565203777,5.199119085463517
2025-10-01,11090620,0.15260252025974033,5.046516565203777,5.199119085463517
2025-10-01,11090630,0.0,0.0,0.0
2025-10-01,11090640,0.4069400540259741,13.457377507210072,13.864317561236046
2025-10-01,11090650,0.4578075607792209,15.13954969561133,15.59735725639055
2025-10-01,11090690,0.0,0.0,0.0
2025-10-01,11090700,5.171189275819238,171.00957636746645,176.1807656432857
2025-10-01,11090710,0.15260252025974033,5.046516565203777,5.199119085463517
2025-10-01,11090720,0.15260252025974033,5.046516565203777,5.199119085463517
2025-10-01,11090730,0.05086750675324676,1.682172188401259,1.7330396951545057
2025-10-01,11090740,2.137576948376462,70.68898640087184,72.8265633492483
2025-10-01,11090750,0.5595425742857145,18.503894072413846,19.06343664669956
2025-10-01,11100510,0.10173501350649353,6.68298969072165,6.784724704228143
2025-10-01,11100520,0.10173501350649353,6.68298969072165,6.784724704228143
2025-10-01,11100530,0.05086750675324676,3.341494845360825,3.3923623521140716
2025-10-01,11100540,0.20347002701298705,13.3659793814433,13.569449408456286
2025-10-01,11100550,1.3734226823376627,90.22036082474226,91.59378350707992
2025-10-01,11100560,0.15260252025974033,10.024484536082475,10.177087056342216
2025-10-01,11100570,0.05086750675324676,3.341494845360825,3.3923623521140716
2025-10-01,11100590,0.20347002701298705,13.3659793814433,13.569449408456286
2025-10-01,11100600,0.4578075607792209,30.073453608247423,30.531261169026642
2025-10-01,11100610,0.10173501350649353,6.68298969072165,6.784724704228143
2025-10-01,11100620,0.9664826283116885,63.488402061855666,64.45488469016736
2025-10-01,11100630,0.4578075607792209,30.073453608247423,30.531261169026642
2025-10-01,11100640,0.4578075607792209,30.073453608247423,30.531261169026642
2025-10-01,11100650,0.25433753376623386,16.707474226804123,16.961811760570356
2025-10-01,11110510,0.6104100810389613,12.752459016393443,13.362869097432405
2025-10-01,11110520,0.6104100810389613,12.752459016393443,13.362869097432405
2025-10-01,11110530,0.4578075607792209,9.564344262295082,10.022151823074303
2025-10-01,11110560,0.6612775877922079,13.81516393442623,14.476441522218439
2025-10-01,11110580,1.0173501350649354,21.25409836065574,22.271448495720673
2025-10-01,11110590,0.4069400540259741,8.501639344262296,8.90857939828827
2025-10-01,11110600,0.7121450945454547,14.877868852459018,15.590013947004474
2025-10-01,11110610,1.932965256623377,40.382786885245906,42.31575214186928
2025-10-01,11110640,0.25433753376623386,5.313524590163935,5.567862123930168
2025-10-01,11110650,1.1699526553246755,24.4422131147541,25.612165770078775
2025-10-01,11110660,0.6612775877922079,13.81516393442623,14.476441522218439
2025-10-01,11110690,0.6104100810389613,12.752459016393443,13.362869097432405
2025-10-01,11110720,0.6104100810389613,12.752459016393443,13.362869097432405
2025-10-01,11110730,0.4069400540259741,8.501639344262296,8.90857939828827
2025-10-01,11110740,0.30520504051948066,6.3762295081967215,6.681434548716203
2025-10-01,11110760,0.4069400540259741,8.501639344262296,8.90857939828827
2025-10-01,11110770,2.238170297142858,46.75901639344263,48.99718669058549
2025-10-01,11110780,1.3225551755844158,27.63032786885246,28.952883044436877
2025-10-01,11110790,1.119085148571429,23.379508196721314,24.498593345292743
2025-10-01,11120510,2.2764429738593015,370.5448553461816,372.82129832004085
2025-10-01,11120520,0.4578075607792209,74.51899227580184,74.97679983658105
2025-10-01,11120550,0.0,0.0,0.0
2025-10-01,11120560,0.15260252025974033,24.839664091933948,24.99226661219369
2025-10-01,11120570,0.8152331921883605,132.6984548884695,133.5136880806579
2025-10-01,11120580,1.0887084097089748,177.21300503559948,178.30171344530845
2025-10-01,11120590,0.7630126012987014,124.19832045966972,124.96133306096841
2025-10-01,11120600,0.25433753376623386,41.39944015322324,41.65377768698947
2025-10-01,11120650,0.15260252025974033,24.839664091933948,24.99226661219369
2025-10-01,11120660,0.15260252025974033,24.839664091933948,24.99226661219369
2025-10-01,11120670,1.495107230080384,243.36401072149462,244.859117951575
2025-10-01,11120680,0.4997024283528842,81.33837137868024,81.83807380703313
2025-10-01,11120710,1.084708354730706,176.56190162105332,177.64660997578403
2025-10-01,11120720,0.10173501350649353,16.5597760612893,16.661511074795794
2025-10-01,11120730,0.35607254727272736,57.95921621451254,58.31528876178526
2025-10-01,11120740,1.6124111679314703,262.4579969015564,264.0704080694879
2025-10-01,11130520,0.26163573132700724,53.24310339226627,53.504739123593275
2025-10-01,11130620,0.15260252025974033,31.05474822915007,31.207350749409812
2025-10-01,11130640,0.0,0.0,0.0
2025-10-01,11130650,0.05086750675324676,10.351582743050024,10.402450249803271
2025-10-01,11130660,0.10173501350649353,20.703165486100048,20.804900499606543
2025-10-01,11130680,0.35607254727272736,72.46107920135016,72.81715174862289
2025-10-01,11130690,0.9664826283116885,196.6800721179504,197.6465547462621
2025-10-01,11130700,0.35607254727272736,72.46107920135016,72.81715174862289
2025-10-01,11130710,0.8138801080519482,165.62532388880038,166.43920399685234
2025-10-01,11130720,0.15260252025974033,31.05474822915007,31.207350749409812
2025-10-01,11130730,0.6104100810389613,124.21899291660029,124.82940299763925
2025-10-01,11130740,1.3172612339007033,268.0638294910131,269.3810907249138
2025-10-01,11130750,0.5480836430054735,111.53550749411006,112.08359113711553
2025-10-01,11130760,5.2459071968701645,1067.546767609109,1072.7926748059792
2025-10-01,11140590,1.5525710219986402,62.546001510344226,64.09857253234287
2025-10-01,11140600,3.0797832484066228,124.07041286807053,127.15019611647716
2025-10-01,11140610,3.6485237196287215,146.98237107675752,150.63089479638623
2025-10-01,11140630,2.426781768982868,97.76396315363618,100.19074492261905
2025-10-01,11140660,19.93081400968123,802.9215446435172,822.8523586531985
2025-10-01,11140680,7.112441788379237,286.5278229047049,293.64026469308413
2025-10-01,11140690,0.10173501350649353,4.098439439015634,4.200174452522127
2025-10-01,11140700,0.15260252025974033,6.14765915852345,6.30026167878319
2025-10-01,11140710,3.5879224638691594,144.54102302854588,148.12894549241503
2025-10-01,11140720,0.5595425742857145,22.541416914585984,23.1009594888717
2025-10-01,11140730,1.119085148571429,45.08283382917197,46.2019189777434
2025-10-01,11140740,3.9319441055519655,158.40008507170097,162.33202917725293
2025-10-01,11140750,1.8508584198707134,74.56263957293437,76.41349799280509
2025-10-01,11140760,0.4578075607792209,18.442977475570352,18.90078503634957
2025-10-01,11140770,3.9224275419255012,158.01670615085268,161.9391336927782
2025-10-01,11140780,1.79603621720968,72.35410320206786,74.15013941927754
2025-10-01,11150510,4.1202680470129875,65.6353125,69.75558054701298
2025-10-01,11150520,0.5086750675324677,8.103124999999999,8.611800067532466
2025-10-01,11150530,0.25433753376623386,4.051562499999999,4.305900033766233
2025-10-01,11150540,0.30520504051948066,4.861875,5.167080040519481
2025-10-01,11150570,0.25433753376623386,4.051562499999999,4.305900033766233
2025-10-01,11150580,0.25433753376623386,4.051562499999999,4.305900033766233
2025-10-01,11150590,0.35607254727272736,5.672187500000001,6.028260047272728
2025-10-01,11150600,0.20347002701298705,3.24125,3.444720027012987
2025-10-01,11150610,0.30520504051948066,4.861875,5.167080040519481
2025-10-01,11150620,0.10173501350649353,1.620625,1.7223600135064936
2025-10-01,11150630,0.15260252025974033,2.4309375,2.5835400202597407
2025-10-01,11150640,1.2716876688311691,20.2578125,21.52950016883117
2025-10-01,11150650,1.4242901890909094,22.688750000000002,24.113040189090913
2025-10-01,11150660,0.30520504051948066,4.861875,5.167080040519481
2025-10-01,11150690,4.781545634805196,76.169375,80.9509206348052
2025-10-01,11150700,1.932965256623377,30.791874999999997,32.724840256623374
2025-10-01,11150710,2.4925078309090916,39.7053125,42.19782033090909
2025-10-01,11150720,1.3225551755844158,21.068125000000002,22.390680175584418
2025-10-01,11160510,4.839237759671473,60.68223179507181,65.52146955474328
2025-10-01,11160520,2.238170297142858,28.065818526198647,30.303988823341506
2025-10-01,11160530,0.30520504051948066,3.827157071754361,4.132362112273841
2025-10-01,11160540,3.0520504051948056,38.271570717543604,41.32362112273841
2025-10-01,11160550,0.20347002701298705,2.5514380478362404,2.7549080748492276
2025-10-01,11160570,0.20347002701298705,2.5514380478362404,2.7549080748492276
2025-10-01,11160580,0.10173501350649353,1.2757190239181202,1.3774540374246138
2025-10-01,11160590,0.4578075607792209,5.740735607631541,6.198543168410762
2025-10-01,11160610,2.695977857922079,33.80655413383018,36.502531991752264
2025-10-01,11160630,0.25433753376623386,3.189297559795301,3.443635093561535
2025-10-01,11160751,8.291403600779223,103.9711004493268,112.26250405010602
2025-10-01,11160650,0.9664826283116885,12.119330727222142,13.08581335553383
2025-10-01,11160660,0.7630126012987014,9.567892679385901,10.330905280684602
2025-10-01,11160670,5.391955715844158,67.61310826766037,73.00506398350453
2025-10-01,11160690,5.839818108220748,73.22913518267947,79.06895329090023
2025-10-01,11160700,3.560725472727274,44.65016583713421,48.21089130986148
2025-10-01,11160710,0.5086750675324677,6.378595119590602,6.88727018712307
2025-10-01,11160761,0.5086750675324677,6.378595119590602,6.88727018712307
2025-10-01,11160730,0.5595425742857145,7.016454631549662,7.575997205835376
2025-10-01,11160740,1.932965256623377,24.238661454444284,26.17162671106766
2025-10-01,11170510,4.246491192596226,87.20328002264056,91.44977121523678
2025-10-01,11170520,0.9156151215584418,18.802497925212773,19.718113046771215
2025-10-01,11170540,1.0682176418181821,21.936247579414903,23.004465221233087
2025-10-01,11170550,1.119085148571429,22.98083079748228,24.09991594605371
2025-10-01,11170560,2.848580378181819,58.49666021177308,61.345240589954905
2025-10-01,11170610,0.9664826283116885,19.84708114328015,20.813563771591838
2025-10-01,11170620,0.25433753376623386,5.222916090336882,5.477253624103115
2025-10-01,11170640,0.20347002701298705,4.178332872269506,4.3818028992824924
2025-10-01,11170650,0.25433753376623386,5.222916090336882,5.477253624103115
2025-10-01,11170670,0.15260252025974033,3.1337496542021293,3.28635217446187
2025-10-01,11170740,0.37688467264591785,7.739467281195461,8.116351953841379
2025-10-01,11170690,0.15260252025974033,3.1337496542021293,3.28635217446187
2025-10-01,11170700,0.8342609378566573,17.131859428486564,17.966120366343223
2025-10-01,11170710,1.57689270935065,32.38207976008867,33.958972469439324
2025-10-01,11170720,0.4578075607792209,9.401248962606386,9.859056523385608
2025-10-01,11180510,8.393388089173369,349.8151889714862,358.20857706065954
2025-10-01,11180520,2.8994478849350656,120.84165524168293,123.741103126618
2025-10-01,11180530,0.10173501350649353,4.240058078655542,4.341793092162035
2025-10-01,11180540,0.8346895426328219,34.78774923624206,35.62243877887488
2025-10-01,11180550,0.15260252025974033,6.360087117983314,6.512689638243054
2025-10-01,11180570,0.30520504051948066,12.720174235966628,13.025379276486108
2025-10-01,11180580,0.05086750675324676,2.120029039327771,2.1708965460810177
2025-10-01,11180590,0.05086750675324676,2.120029039327771,2.1708965460810177
2025-10-01,11180600,0.05086750675324676,2.120029039327771,2.1708965460810177
2025-10-01,11180610,0.0,0.0,0.0
2025-10-01,11190540,1.72949522961039,0.0,1.72949522961039
2025-10-01,11190550,2.797712871428572,0.0,2.797712871428572
2025-10-01,11190560,2.9503153916883127,0.0,2.9503153916883127
2025-10-01,11190610,2.339905310649351,0.0,2.339905310649351
2025-10-01,11190620,1.2208201620779227,0.0,1.2208201620779227
2025-10-01,11190630,0.4069400540259741,0.0,0.4069400540259741
2025-10-01,11190650,0.9156151215584418,0.0,0.9156151215584418
2025-10-01,11190660,0.10173501350649353,0.0,0.10173501350649353
2025-10-01,11190670,0.25433753376623386,0.0,0.25433753376623386
2025-10-01,11190680,0.5086750675324677,0.0,0.5086750675324677
2025-10-01,11190690,0.9156151215584418,0.0,0.9156151215584418
2025-10-01,11190700,0.5086750675324677,0.0,0.5086750675324677
2025-10-01,11190710,0.10173501350649353,0.0,0.10173501350649353
2025-10-01,11190720,0.30520504051948066,0.0,0.30520504051948066
2025-10-01,11190730,0.9664826283116885,0.0,0.9664826283116885
2025-10-01,11190740,7.642625127697124,0.0,7.642625127697124
2025-10-01,11190750,2.776258031090586,0.0,2.776258031090586
2025-10-01,11190760,9.779229546850539,0.0,9.779229546850539
2025-10-01,11200520,0.15260252025974033,8.309715707591652,8.462318227851393
2025-10-01,11200530,1.5080291835831205,82.11721387692761,83.62524306051073
2025-10-01,11200540,0.30520504051948066,16.619431415183303,16.924636455702785
2025-10-01,11200550,0.0,0.0,0.0
2025-10-01,11200560,0.0,0.0,0.0
2025-10-01,11200630,0.25433753376623386,13.84952617931942,14.103863713085655
2025-10-01,11200650,0.15260252025974033,8.309715707591652,8.462318227851393
2025-10-01,11200660,0.0,0.0,0.0
2025-10-01,11200670,0.10173501350649353,5.539810471727769,5.641545485234262
2025-10-01,11200680,11.866595926197938,646.1756882896314,658.0422842158293
2025-10-01,11200690,0.30520504051948066,16.619431415183303,16.924636455702785
2025-10-01,11200700,0.9156151215584418,49.85829424554992,50.77390936710836
2025-10-01,11200710,2.548356378639506,138.7664960714858,141.3148524501253
2025-10-01,11200720,0.4069400540259741,22.159241886911076,22.56618194093705
2025-10-01,11200730,0.6612775877922079,36.008768066230495,36.6700456540227
2025-10-01,11210520,0.4069400540259741,20.9874254995617,21.394365553587672
2025-10-01,11210540,0.0,0.0,0.0
2025-10-01,11210570,0.0,0.0,0.0
2025-10-01,11210580,0.25433753376623386,13.117140937226061,13.371478470992296
2025-10-01,11210610,0.30520504051948066,15.740569124671275,16.045774165190757
2025-10-01,11210620,0.10173501350649353,5.246856374890425,5.348591388396918
2025-10-01,11210630,1.275907599981605,65.80334236951106,67.07924996949266
2025-10-01,11210640,0.05086750675324676,2.6234281874452123,2.674295694198459
2025-10-01,11210650,0.0,0.0,0.0
2025-10-01,11210660,0.0,0.0,0.0
2025-10-01,11210680,0.6612775877922079,34.104566436787756,34.76584402457996
2025-10-01,11210690,15.26008289045698,787.019733280322,802.279816170779
2025-10-01,11210710,0.0,0.0,0.0
2025-10-01,11210720,0.25433753376623386,13.117140937226061,13.371478470992296
2025-10-01,11210730,0.20347002701298705,10.49371274978085,10.697182776793836
2025-10-01,11210780,0.7630126012987014,39.351422811678184,40.11443541297689
2025-10-01,11210790,0.0,0.0,0.0
2025-10-01,11210800,0.5086750675324677,26.234281874452122,26.74295694198459
2025-10-01,11210810,0.15260252025974033,7.8702845623356374,8.022887082595378
2025-10-01,11210820,0.0,0.0,0.0
2025-10-01,11210830,0.05086750675324676,2.6234281874452123,2.674295694198459
2025-10-01,11220510,0.15260252025974033,30.908479068324336,31.061081588584077
2025-10-01,11220520,0.7630126012987014,154.54239534162167,155.30540794292037
2025-10-01,11220530,0.5294845021133414,107.24305616130717,107.77254066342051
2025-10-01,11220540,0.10173501350649353,20.605652712216223,20.707387725722718
2025-10-01,11220550,1.4457507954124316,292.8258204514561,294.2715712468685
2025-10-01,11220560,0.0,0.0,0.0
2025-10-01,11220570,0.25433753376623386,51.51413178054055,51.768469314306785
2025-10-01,11220580,0.20347002701298705,41.211305424432446,41.414775451445436
2025-10-01,11220590,0.30520504051948066,61.81695813664867,62.122163177168154
2025-10-01,11220600,0.7121450945454547,144.23956898551356,144.95171408005902
2025-10-01,11220610,0.6104100810389613,123.63391627329734,124.24432635433631
2025-10-01,11220620,0.0,0.0,0.0
2025-10-01,11220630,0.15260252025974033,30.908479068324336,31.061081588584077
2025-10-01,11220640,0.4578075607792209,92.725437204973,93.18324476575222
2025-10-01,11220650,0.6104100810389613,123.63391627329734,124.24432635433631
2025-10-01,11220660,1.0173501350649354,206.0565271221622,207.07387725722714
2025-10-01,11220670,1.4751576958441563,298.78196432713526,300.2571220229794
2025-10-01,11220680,0.26012196844939606,52.685725002083025,52.94584697053242
2025-10-01,11230510,8.377589678684048,471.9993429409399,480.376932619624
2025-10-01,11230520,0.05086750675324676,2.865911399989657,2.9167789067429037
2025-10-01,11230530,0.20347002701298705,11.463645599958628,11.667115626971615
2025-10-01,11230580,0.25433753376623386,14.329556999948283,14.583894533714517
2025-10-01,11230590,0.35607254727272736,20.0613797999276,20.417452347200328
2025-10-01,11230600,0.30520504051948066,17.19546839993794,17.500673440457422
2025-10-01,11230630,0.10173501350649353,5.731822799979314,5.8335578134858075
2025-10-01,11230640,0.864747614805195,48.72049379982416,49.58524141462936
2025-10-01,11230650,0.25433753376623386,14.329556999948283,14.583894533714517
2025-10-01,11230660,0.5595425742857145,31.525025399886225,32.08456797417194
2025-10-01,11230670,0.8138801080519482,45.85458239983451,46.66846250788646
2025-10-01,11230680,0.4578075607792209,25.79320259990691,26.25101016068613
2025-10-01,11230710,0.9156151215584418,51.58640519981382,52.50202032137226
2025-10-01,11230720,0.15260252025974033,8.59773419996897,8.750336720228711
2025-10-01,11230730,0.5086750675324677,28.659113999896565,29.167789067429034
2025-10-01,11230511,0.20347002701298705,11.463645599958628,11.667115626971615
2025-10-01,11230750,2.8733364362935294,161.88581226764518,164.7591487039387
2025-10-01,11230760,1.2732014317087803,71.73307147365632,73.00627290536511
2025-10-01,11230770,0.8636144068409499,48.65664805957502,49.52026246641597
2025-10-01,11230780,11.929190290266392,672.0990397929858,684.0282300832522
2025-10-01,11230790,0.7630126012987014,42.98867099984485,43.751683601143554
2025-10-01,11230800,0.4578075607792209,25.79320259990691,26.25101016068613
2025-10-01,11240510,0.9664826283116885,38.92189859314905,39.88838122146074
2025-10-01,11240520,1.0173501350649354,40.970419571735846,41.98776970680078
2025-10-01,11240530,0.30520504051948066,12.291125871520755,12.596330912040235
2025-10-01,11240540,0.05086750675324676,2.0485209785867924,2.099388485340039
2025-10-01,11240550,0.0,0.0,0.0
2025-10-01,11240560,0.20347002701298705,8.19408391434717,8.397553941360156
2025-10-01,11240570,1.6277602161038964,65.55267131477736,67.18043153088125
2025-10-01,11240580,1.2208201620779227,49.16450348608302,50.38532364816094
2025-10-01,11240590,3.1029179119480528,124.95977969379433,128.0626976057424
2025-10-01,11240600,6.02626772063372,242.68804657917764,248.71431429981135
2025-10-01,11240610,1.1699526553246755,47.11598250749622,48.2859351628209
2025-10-01,11240620,0.7121450945454547,28.679293700215094,29.39143879476055
2025-10-01,11240630,2.963183913743617,119.33245401942706,122.29563793317068
2025-10-01,11240640,1.6948478189423848,68.25440313907146,69.94925095801383
2025-10-01,11240650,1.119085148571429,45.067461528909426,46.186546677480855
2025-10-01,11240660,1.4242901890909094,57.35858740043019,58.7828775895211
2025-10-01,11240670,0.5086750675324677,20.485209785867923,20.99388485340039
2025-10-01,11240680,1.119085148571429,45.067461528909426,46.186546677480855
2025-10-01,11240690,2.085567776883117,83.98936012205849,86.07492789894161
2025-10-01,11240710,0.9664826283116885,38.92189859314905,39.88838122146074
2025-10-01,11240750,0.35607254727272736,14.339646850107547,14.695719397380275
2025-10-01,11240770,3.5098579659740268,141.34794752248868,144.8578054884627
2025-10-01,11240780,0.15260252025974033,6.145562935760378,6.298165456020118
2025-10-01,11240790,0.5595425742857145,22.533730764454713,23.093273338740428
2025-10-01,11240800,2.5942428444155854,104.47456990792641,107.068812752342
2025-10-01,11240810,7.4864623048034495,301.4925650117541,308.97902731655756
2025-10-01,11240820,0.7630126012987014,30.727814678801877,31.49082728010058
2025-10-01,11250770,0.7121450945454547,65.20546295694967,65.91760805149512
2025-10-01,11250760,0.5086750675324677,46.575330683535476,47.08400575106794
2025-10-01,11250530,0.30520504051948066,27.945198410121286,28.250403450640768
2025-10-01,11250540,0.5595425742857145,51.23286375188902,51.792406326174735
2025-10-01,11250550,0.864747614805195,79.1780621620103,80.0428097768155
2025-10-01,11250560,1.6277602161038964,149.04105818731352,150.66881840341742
2025-10-01,11250580,0.25433753376623386,23.287665341767738,23.54200287553397
2025-10-01,11250590,0.7121450945454547,65.20546295694967,65.91760805149512
2025-10-01,11250610,0.7121450945454547,65.20546295694967,65.91760805149512
2025-10-01,11250630,1.0173501350649354,93.15066136707095,94.16801150213588
2025-10-01,11250650,2.5942428444155854,237.53418648603093,240.12842933044652
2025-10-01,11250660,1.780362736363637,163.01365739237417,164.7940201287378
2025-10-01,11250670,1.72949522961039,158.3561243240206,160.085619553631
2025-10-01,11250700,0.6104100810389613,55.89039682024257,56.500806901281535
2025-10-01,11250710,1.0173501350649354,93.15066136707095,94.16801150213588
2025-10-01,11250720,0.10173501350649353,9.315066136707095,9.416801150213589
2025-10-01,11250730,0.7121450945454547,65.20546295694967,65.91760805149512
2025-10-01,11250740,2.7393357477182376,250.8191897867361,253.55852553445433
2025-10-01,11170730,0.35607254727272736,7.312082526471635,7.668155073744363
2025-10-01,11250750,3.9210717669967714,359.02135928864413,362.9424310556409
